,Date,Date,bitcoin_cash_MAvg_Close,bitcoin_MAvg_Close,bitconnect_MAvg_Close,dash_MAvg_Close,ethereum_MAvg_Close,ethereum_classic_MAvg_Close,iota_MAvg_Close,litecoin_MAvg_Close,monero_MAvg_Close,nem_MAvg_Close,neo_MAvg_Close,numeraire_MAvg_Close,omisego_MAvg_Close,qtum_MAvg_Close,ripple_MAvg_Close,stratis_MAvg_Close,waves_MAvg_Close
0,"Jul 23, 2017",2017-07-23,0.0,2736.1,64.9,190.7,224.6,16.1,0.3,45.5,42.6,0.2,8.2,34.5,1.1,7.3,0.2,6.4,3.6
1,"Jul 24, 2017",2017-07-24,0.0,2765.1,64.8,196.8,226.7,16.1,0.3,45.0,44.3,0.2,8.6,34.4,1.3,7.1,0.2,6.2,3.7
2,"Jul 25, 2017",2017-07-25,420.2,2687.2,63.6,196.9,219.1,15.5,0.3,43.6,43.0,0.2,8.1,31.3,1.4,6.7,0.2,5.6,3.4
3,"Jul 26, 2017",2017-07-26,404.5,2620.3,64.4,198.0,211.8,15.2,0.3,43.0,44.0,0.2,7.7,29.3,1.3,6.5,0.2,5.2,3.1
4,"Jul 27, 2017",2017-07-27,386.1,2592.6,63.8,194.7,205.0,14.8,0.3,42.2,43.9,0.2,7.4,27.3,1.3,6.2,0.2,5.0,2.8
5,"Jul 28, 2017",2017-07-28,385.8,2670.1,65.7,191.4,200.5,14.5,0.3,41.7,45.0,0.2,7.3,26.7,1.3,6.1,0.2,4.9,2.8
6,"Jul 29, 2017",2017-07-29,392.1,2735.7,66.4,188.3,201.1,14.4,0.3,41.3,44.4,0.2,7.4,26.3,1.3,5.9,0.2,4.9,2.9
7,"Jul 30, 2017",2017-07-30,378.8,2764.2,65.3,181.2,199.0,14.1,0.3,40.7,42.5,0.2,7.2,25.9,1.2,5.7,0.2,4.9,2.9
8,"Jul 31, 2017",2017-07-31,341.6,2786.3,64.2,178.9,202.5,14.1,0.3,41.5,41.1,0.2,7.2,25.9,1.2,5.8,0.2,5.0,2.8
9,"Aug 01, 2017",2017-08-01,340.0,2783.6,60.0,178.7,209.5,14.1,0.3,42.2,41.2,0.2,7.4,26.0,1.3,6.0,0.2,5.3,2.8
10,"Aug 02, 2017",2017-08-02,375.7,2768.1,61.2,182.1,216.9,14.4,0.3,42.7,42.5,0.2,7.8,25.9,1.3,6.3,0.2,5.5,3.1
11,"Aug 03, 2017",2017-08-03,398.9,2744.6,62.2,184.9,224.0,14.9,0.3,42.7,43.7,0.2,8.9,26.5,1.6,6.9,0.2,5.8,3.5
12,"Aug 04, 2017",2017-08-04,349.9,2803.8,68.4,185.6,222.8,15.1,0.3,42.8,44.0,0.2,9.7,26.7,2.0,7.4,0.2,6.1,3.7
13,"Aug 05, 2017",2017-08-05,270.1,2984.5,73.1,189.3,235.0,15.4,0.4,44.4,45.7,0.2,11.7,27.7,2.8,8.4,0.2,6.6,3.9
14,"Aug 06, 2017",2017-08-06,222.3,3120.9,76.4,190.0,247.1,15.4,0.4,45.1,47.2,0.2,13.2,28.1,3.0,9.2,0.2,6.8,4.4
15,"Aug 07, 2017",2017-08-07,251.2,3281.9,80.5,193.4,262.4,15.5,0.4,45.9,48.9,0.3,16.0,28.5,3.2,10.7,0.2,7.2,5.1
16,"Aug 08, 2017",2017-08-08,295.3,3337.6,83.0,196.7,275.8,15.5,0.5,46.5,50.0,0.3,17.4,28.1,3.2,11.4,0.2,7.4,5.4
17,"Aug 09, 2017",2017-08-09,323.0,3380.5,85.2,200.1,287.3,15.5,0.5,47.5,51.0,0.3,19.6,28.4,3.4,12.2,0.2,7.7,5.4
18,"Aug 10, 2017",2017-08-10,308.4,3381.2,88.0,201.3,296.2,15.5,0.6,47.7,50.8,0.3,25.4,27.9,4.3,13.3,0.2,7.8,5.4
19,"Aug 11, 2017",2017-08-11,302.7,3458.1,92.1,202.0,300.3,15.2,0.6,47.2,50.4,0.3,30.5,29.8,5.5,14.4,0.2,7.7,5.5
20,"Aug 12, 2017",2017-08-12,307.1,3638.9,98.4,204.1,305.1,15.1,0.6,46.7,49.8,0.3,35.4,34.5,6.4,14.8,0.2,7.4,5.4
21,"Aug 13, 2017",2017-08-13,314.5,3869.5,102.3,203.1,305.8,14.8,0.7,46.4,49.3,0.3,38.9,37.9,6.8,14.6,0.2,7.0,5.1
22,"Aug 14, 2017",2017-08-14,304.3,4094.4,106.9,201.0,302.9,14.4,0.8,46.0,49.0,0.3,43.6,38.3,6.7,14.7,0.2,6.5,4.9
23,"Aug 15, 2017",2017-08-15,297.9,4193.4,109.4,200.4,296.0,14.0,0.9,45.0,48.7,0.3,47.2,34.2,6.9,15.0,0.2,6.2,4.8
24,"Aug 16, 2017",2017-08-16,298.6,4294.6,114.8,211.7,297.4,14.0,1.0,44.4,49.1,0.3,46.8,33.2,7.5,14.7,0.2,6.1,4.8
25,"Aug 17, 2017",2017-08-17,352.9,4296.8,116.5,223.1,297.8,13.9,1.0,43.8,48.3,0.3,44.6,32.9,8.0,14.0,0.2,6.1,4.7
26,"Aug 18, 2017",2017-08-18,483.7,4289.6,119.4,230.0,299.8,14.0,1.0,45.1,47.6,0.2,41.7,34.2,8.2,13.0,0.2,5.9,4.6
27,"Aug 19, 2017",2017-08-19,635.1,4228.7,119.7,248.9,298.2,13.8,1.0,45.6,50.0,0.2,39.8,34.6,7.8,12.1,0.2,5.8,4.4
28,"Aug 20, 2017",2017-08-20,719.2,4147.3,119.3,269.1,298.2,13.8,0.9,46.3,52.5,0.3,39.0,37.5,7.9,11.7,0.2,5.7,4.5
29,"Aug 21, 2017",2017-08-21,689.0,4094.4,117.6,287.5,306.8,14.0,0.9,46.5,62.8,0.3,37.8,37.3,8.0,11.6,0.2,5.6,4.6
30,"Aug 22, 2017",2017-08-22,667.8,4063.3,117.7,288.4,312.6,14.3,0.9,47.0,74.6,0.3,36.4,37.6,7.9,11.4,0.2,5.6,4.6
31,"Aug 23, 2017",2017-08-23,653.3,4084.6,121.4,287.9,318.0,14.7,0.9,49.3,86.4,0.3,37.1,35.6,7.8,11.4,0.2,5.7,4.5
32,"Aug 24, 2017",2017-08-24,662.8,4195.6,125.2,299.8,319.3,14.9,0.9,50.1,89.3,0.3,39.3,35.8,8.1,12.2,0.2,5.9,4.7
33,"Aug 25, 2017",2017-08-25,646.2,4285.9,118.6,307.9,325.0,15.2,0.9,51.5,95.0,0.3,40.8,35.7,8.3,13.0,0.2,6.0,5.0
34,"Aug 26, 2017",2017-08-26,631.5,4352.9,114.7,343.7,330.5,15.2,0.9,51.0,110.9,0.3,40.3,35.2,8.3,14.2,0.2,6.1,5.2
35,"Aug 27, 2017",2017-08-27,629.1,4369.0,110.7,359.5,337.9,15.5,0.9,54.7,125.7,0.3,39.7,35.2,8.3,14.8,0.2,6.4,5.3
36,"Aug 28, 2017",2017-08-28,614.1,4372.6,116.6,373.2,343.2,15.7,0.9,58.4,138.0,0.3,39.0,35.5,8.4,15.8,0.2,6.8,5.3
37,"Aug 29, 2017",2017-08-29,590.0,4448.2,120.7,359.7,355.4,15.9,0.9,62.2,136.4,0.3,37.4,35.5,8.8,17.0,0.2,7.1,5.3
38,"Aug 30, 2017",2017-08-30,574.8,4509.0,127.7,361.6,365.6,15.7,0.9,63.2,136.9,0.3,35.1,35.6,9.7,17.4,0.2,7.2,5.4
39,"Aug 31, 2017",2017-08-31,572.1,4615.9,133.3,368.7,377.4,15.9,0.8,66.1,135.3,0.3,33.3,35.5,10.8,17.8,0.2,7.2,5.6
40,"Sep 01, 2017",2017-09-01,595.2,4720.2,137.6,380.0,383.1,18.0,0.8,73.8,138.0,0.3,32.8,34.6,11.6,17.5,0.2,7.3,5.7
41,"Sep 02, 2017",2017-09-02,595.4,4724.7,136.0,373.9,373.3,19.5,0.8,78.7,135.5,0.3,32.3,31.8,11.5,17.3,0.2,7.0,5.6
42,"Sep 03, 2017",2017-09-03,601.8,4684.6,134.4,366.6,361.4,20.2,0.7,80.6,130.7,0.3,31.4,28.9,11.1,16.6,0.2,6.7,5.4
43,"Sep 04, 2017",2017-09-04,566.9,4466.0,125.5,340.9,330.5,18.2,0.7,73.7,119.0,0.3,28.0,25.0,10.0,14.2,0.2,6.2,5.0
44,"Sep 05, 2017",2017-09-05,555.5,4398.6,124.8,333.2,318.5,17.0,0.6,71.1,117.0,0.3,25.0,23.1,10.1,12.7,0.2,6.1,4.9
45,"Sep 06, 2017",2017-09-06,565.7,4403.3,126.6,330.2,314.2,17.1,0.6,72.2,115.5,0.3,22.0,21.5,10.5,11.4,0.2,6.0,4.9
46,"Sep 07, 2017",2017-09-07,610.9,4524.5,134.4,339.4,325.6,17.8,0.7,76.6,120.4,0.3,25.0,21.8,11.8,12.6,0.2,6.1,5.0
47,"Sep 08, 2017",2017-09-08,624.7,4475.3,134.0,341.4,320.1,17.3,0.6,75.5,120.2,0.3,25.7,21.0,12.0,13.2,0.2,6.0,4.9
48,"Sep 09, 2017",2017-09-09,594.5,4351.6,132.0,333.4,306.8,16.0,0.6,70.8,118.4,0.3,25.9,21.2,12.2,13.9,0.2,5.9,4.6
49,"Sep 10, 2017",2017-09-10,555.9,4192.6,127.1,325.5,293.2,14.6,0.5,65.1,115.5,0.3,23.2,21.1,11.7,13.2,0.2,5.8,4.5
50,"Sep 11, 2017",2017-09-11,540.8,4170.1,126.2,320.5,292.6,14.4,0.5,64.6,113.8,0.3,22.2,21.1,11.6,13.5,0.2,5.7,4.4
51,"Sep 12, 2017",2017-09-12,528.4,4138.3,124.0,321.5,291.6,14.2,0.5,64.0,112.3,0.3,21.9,19.8,11.4,13.5,0.2,5.7,4.4
52,"Sep 13, 2017",2017-09-13,517.3,4058.2,121.7,315.2,287.7,14.4,0.6,64.0,112.0,0.2,21.0,18.4,11.2,13.2,0.2,5.4,4.2
53,"Sep 14, 2017",2017-09-14,460.4,3722.8,112.1,287.8,260.8,12.6,0.5,55.8,102.1,0.2,18.9,16.5,10.1,11.0,0.2,4.8,3.8
54,"Sep 15, 2017",2017-09-15,431.6,3558.4,108.0,274.0,247.2,11.2,0.5,50.5,98.1,0.2,18.2,15.9,9.5,9.3,0.2,4.5,3.6
55,"Sep 16, 2017",2017-09-16,410.4,3472.5,105.9,273.2,237.0,9.8,0.5,46.0,92.7,0.2,18.4,15.3,9.3,8.1,0.2,4.3,3.5
56,"Sep 17, 2017",2017-09-17,428.0,3615.1,109.3,299.0,249.6,10.1,0.5,48.3,96.3,0.2,19.8,16.4,9.9,8.3,0.2,4.5,3.7
57,"Sep 18, 2017",2017-09-18,446.5,3757.7,112.9,315.2,263.9,10.6,0.5,50.8,96.5,0.2,20.6,16.4,10.3,8.7,0.2,4.7,3.9
58,"Sep 19, 2017",2017-09-19,475.7,3857.7,115.5,323.7,276.0,11.1,0.6,52.3,97.3,0.2,20.3,16.4,10.3,8.9,0.2,4.9,4.0
59,"Sep 20, 2017",2017-09-20,494.4,3965.4,119.0,333.2,286.7,11.5,0.6,53.4,98.0,0.2,20.3,15.9,10.0,9.1,0.2,5.0,4.2
60,"Sep 21, 2017",2017-09-21,473.4,3820.7,114.5,332.2,275.0,10.9,0.5,50.4,93.2,0.2,19.0,14.7,9.0,8.4,0.2,4.5,4.0
61,"Sep 22, 2017",2017-09-22,435.8,3722.6,111.9,339.7,268.9,10.5,0.5,48.8,90.0,0.2,18.6,13.9,8.6,7.9,0.2,4.2,3.8
62,"Sep 23, 2017",2017-09-23,420.0,3684.7,110.5,342.5,269.7,10.3,0.5,48.0,88.8,0.2,18.8,13.4,8.6,7.7,0.2,4.1,3.8
63,"Sep 24, 2017",2017-09-24,421.5,3702.0,111.0,343.1,277.7,10.4,0.5,48.3,89.8,0.2,19.6,14.1,8.8,7.9,0.2,4.0,3.9
64,"Sep 25, 2017",2017-09-25,431.8,3800.4,113.6,342.6,287.0,10.6,0.5,49.5,91.7,0.2,22.0,14.9,9.2,8.5,0.2,4.2,4.1
65,"Sep 26, 2017",2017-09-26,436.2,3833.8,115.1,338.7,287.4,10.8,0.5,50.2,92.1,0.2,24.1,15.3,9.5,8.9,0.2,4.2,4.3
66,"Sep 27, 2017",2017-09-27,448.3,4006.4,120.5,343.5,295.4,11.6,0.5,53.1,95.9,0.2,28.1,15.8,10.0,9.5,0.2,4.5,4.7
67,"Sep 28, 2017",2017-09-28,449.0,4089.3,125.1,341.3,297.7,12.2,0.6,54.0,97.1,0.2,29.3,15.8,10.2,9.7,0.2,4.7,4.9
68,"Sep 29, 2017",2017-09-29,447.3,4179.5,129.2,337.5,299.0,12.6,0.6,54.3,97.6,0.2,30.1,15.7,10.2,9.9,0.2,4.7,5.0
69,"Sep 30, 2017",2017-09-30,439.1,4225.5,132.5,331.0,297.4,12.7,0.6,53.9,95.8,0.2,30.9,14.9,10.1,10.4,0.2,4.6,4.9
70,"Oct 01, 2017",2017-10-01,428.2,4301.8,135.2,323.5,298.4,12.7,0.6,54.1,94.5,0.2,32.9,15.2,9.9,11.2,0.2,4.3,5.0
71,"Oct 02, 2017",2017-10-02,423.0,4383.9,138.2,317.2,300.4,12.7,0.6,54.4,93.5,0.2,35.6,15.2,9.7,11.9,0.2,4.2,5.0
72,"Oct 03, 2017",2017-10-03,413.5,4376.8,138.3,306.9,297.4,12.5,0.6,53.4,92.6,0.2,35.4,15.0,9.4,12.1,0.2,4.0,4.8
73,"Oct 04, 2017",2017-10-04,394.6,4318.7,136.9,303.5,294.2,12.3,0.6,52.4,91.6,0.2,33.8,14.2,9.0,11.9,0.2,3.8,4.8
74,"Oct 05, 2017",2017-10-05,372.8,4291.8,136.9,302.4,293.7,12.1,0.5,51.8,91.7,0.2,32.3,14.0,8.9,11.9,0.2,3.7,4.9
75,"Oct 06, 2017",2017-10-06,359.1,4309.5,138.6,305.9,299.0,12.1,0.5,51.7,91.2,0.2,32.3,14.3,8.7,11.7,0.2,3.6,4.9
76,"Oct 07, 2017",2017-10-07,359.8,4375.4,141.7,307.6,305.2,12.2,0.5,52.1,91.6,0.2,34.0,14.6,8.7,11.8,0.2,3.7,5.0
77,"Oct 08, 2017",2017-10-08,355.3,4469.4,144.8,306.6,309.4,12.2,0.5,52.6,90.9,0.2,33.9,13.9,8.3,11.6,0.3,3.7,4.8
78,"Oct 09, 2017",2017-10-09,339.1,4603.1,150.4,298.9,305.7,12.0,0.5,52.0,89.0,0.2,32.4,12.8,7.9,11.7,0.3,3.6,4.5
79,"Oct 10, 2017",2017-10-10,326.0,4721.5,156.1,292.5,302.0,11.7,0.5,51.3,87.4,0.2,30.2,11.7,7.8,11.8,0.3,3.4,4.2
80,"Oct 11, 2017",2017-10-11,316.9,4793.5,162.2,291.1,300.2,11.5,0.5,50.6,86.6,0.2,29.5,11.8,8.3,12.1,0.3,3.4,4.1
81,"Oct 12, 2017",2017-10-12,316.6,5018.5,172.0,293.9,302.5,11.7,0.5,53.9,87.1,0.2,29.1,12.0,8.5,11.8,0.3,3.3,4.0
82,"Oct 13, 2017",2017-10-13,316.5,5306.9,183.8,300.2,315.5,11.9,0.4,56.8,89.9,0.2,29.2,12.1,8.6,11.6,0.3,3.3,3.9
83,"Oct 14, 2017",2017-10-14,318.9,5642.0,194.8,306.3,327.5,12.1,0.4,61.2,94.1,0.2,28.4,11.8,8.2,11.1,0.3,3.0,3.9
84,"Oct 15, 2017",2017-10-15,319.5,5719.1,196.5,312.2,338.3,12.1,0.4,62.9,96.7,0.2,28.3,11.4,8.1,10.8,0.3,3.0,3.9
85,"Oct 16, 2017",2017-10-16,316.9,5745.2,197.5,309.5,336.5,12.0,0.4,64.7,97.0,0.2,28.0,11.5,7.9,10.9,0.3,2.9,3.9
86,"Oct 17, 2017",2017-10-17,333.4,5669.8,195.5,303.9,329.0,11.9,0.5,63.2,94.0,0.2,29.2,12.3,7.9,11.3,0.3,3.0,3.9
87,"Oct 18, 2017",2017-10-18,341.5,5640.6,196.3,299.8,321.6,11.8,0.5,61.6,92.2,0.2,29.9,13.5,7.9,11.7,0.2,3.1,4.0
88,"Oct 19, 2017",2017-10-19,347.2,5634.9,196.4,297.5,313.2,11.6,0.5,60.0,89.8,0.2,29.9,14.2,7.9,11.9,0.2,3.1,4.0
89,"Oct 20, 2017",2017-10-20,332.5,5770.2,202.9,294.0,308.8,11.4,0.4,60.3,89.6,0.2,28.7,14.4,7.7,11.6,0.2,3.1,3.9
90,"Oct 21, 2017",2017-10-21,327.2,5917.2,207.9,287.5,304.1,11.2,0.4,59.4,89.1,0.2,27.8,13.8,7.5,11.4,0.2,3.0,3.7
91,"Oct 22, 2017",2017-10-22,327.5,6017.2,209.6,280.9,299.9,11.0,0.4,58.4,88.4,0.2,27.9,13.0,7.4,10.9,0.2,3.0,3.6
92,"Oct 23, 2017",2017-10-23,323.5,5990.1,204.7,279.3,294.2,10.7,0.4,56.6,86.6,0.2,27.8,12.2,7.5,10.5,0.2,3.2,3.6
93,"Oct 24, 2017",2017-10-24,324.7,5821.8,199.1,284.4,293.6,10.6,0.4,55.9,86.7,0.2,28.8,12.3,7.8,10.4,0.2,3.5,3.7
94,"Oct 25, 2017",2017-10-25,324.9,5735.9,199.5,288.9,294.4,10.5,0.4,55.8,87.2,0.2,28.7,12.5,7.8,10.5,0.2,4.1,3.7
95,"Oct 26, 2017",2017-10-26,332.4,5727.4,205.5,289.5,297.6,10.6,0.4,56.1,88.4,0.2,29.0,12.6,7.8,10.7,0.2,4.4,3.7
96,"Oct 27, 2017",2017-10-27,346.0,5812.2,211.8,285.2,297.3,10.5,0.4,55.9,87.8,0.2,28.5,12.3,7.6,10.5,0.2,4.6,3.6
97,"Oct 28, 2017",2017-10-28,376.4,5812.9,213.7,280.8,296.7,10.5,0.4,55.3,87.2,0.2,28.1,12.2,7.4,10.4,0.2,4.4,3.5
98,"Oct 29, 2017",2017-10-29,414.3,5895.9,217.2,280.0,299.6,10.6,0.4,55.7,87.2,0.2,28.0,12.0,7.3,10.3,0.2,4.2,3.5
99,"Oct 30, 2017",2017-10-30,441.2,6012.5,222.4,281.9,303.0,10.8,0.4,56.1,87.9,0.2,28.0,12.2,7.2,10.3,0.2,4.1,3.5
100,"Oct 31, 2017",2017-10-31,446.4,6250.9,231.6,283.0,306.2,10.8,0.4,56.4,88.4,0.2,28.3,12.0,7.1,10.4,0.2,3.7,3.4
101,"Nov 01, 2017",2017-11-01,473.0,6455.4,239.5,278.9,301.8,10.6,0.4,55.1,87.4,0.2,28.0,11.7,6.7,10.3,0.2,3.4,3.2
102,"Nov 02, 2017",2017-11-02,519.4,6771.4,251.2,272.0,295.0,10.4,0.4,54.6,85.7,0.2,26.6,10.6,6.4,10.1,0.2,3.1,3.1
103,"Nov 03, 2017",2017-11-03,581.5,7017.9,261.8,271.8,294.9,11.1,0.4,54.7,85.8,0.2,26.1,10.9,6.3,10.0,0.2,3.0,3.3
104,"Nov 04, 2017",2017-11-04,611.0,7222.1,271.0,272.9,297.9,11.6,0.4,55.3,86.3,0.2,25.9,11.2,6.5,10.1,0.2,3.0,3.5
105,"Nov 05, 2017",2017-11-05,625.5,7331.7,275.4,275.5,300.8,12.6,0.4,55.3,87.2,0.2,26.6,11.6,6.5,10.2,0.2,3.1,3.6
106,"Nov 06, 2017",2017-11-06,617.9,7270.0,271.6,274.5,298.5,13.2,0.4,55.0,92.2,0.2,26.4,11.1,6.4,10.2,0.2,3.0,3.5
107,"Nov 07, 2017",2017-11-07,616.6,7191.5,269.1,280.7,296.6,13.8,0.4,57.1,96.3,0.2,26.3,10.8,6.4,10.6,0.2,3.0,3.6
108,"Nov 08, 2017",2017-11-08,613.8,7208.9,272.2,295.1,300.9,14.1,0.4,59.7,105.3,0.2,27.7,10.9,6.8,11.2,0.2,3.2,3.9
109,"Nov 09, 2017",2017-11-09,631.0,7249.2,276.8,311.9,308.2,14.0,0.5,62.7,111.3,0.2,29.6,11.3,7.4,11.7,0.2,3.4,4.4
110,"Nov 10, 2017",2017-11-10,761.4,7073.8,270.9,324.0,309.7,14.3,0.5,62.0,113.2,0.2,30.2,11.3,7.6,11.7,0.2,3.5,4.6
111,"Nov 11, 2017",2017-11-11,1000.7,6706.4,256.2,333.9,311.6,16.1,0.6,61.9,115.3,0.2,29.5,11.2,7.4,11.6,0.2,3.4,4.4
112,"Nov 12, 2017",2017-11-12,1245.6,6308.6,237.7,403.9,307.3,16.4,0.6,60.2,116.4,0.2,27.9,10.3,7.0,11.4,0.2,3.1,4.0
113,"Nov 13, 2017",2017-11-13,1361.1,6289.1,237.2,436.5,313.1,16.9,0.6,60.9,122.3,0.2,28.0,10.4,7.2,11.4,0.2,3.1,4.1
114,"Nov 14, 2017",2017-11-14,1338.8,6381.8,241.8,463.7,320.8,16.4,0.6,61.0,123.2,0.2,28.4,10.6,7.3,11.4,0.2,3.2,4.4
115,"Nov 15, 2017",2017-11-15,1280.0,6836.9,260.1,426.4,329.2,17.2,0.7,62.6,122.4,0.2,29.2,11.5,7.7,11.6,0.2,3.5,4.8
116,"Nov 16, 2017",2017-11-16,1128.9,7274.3,277.2,423.4,334.0,17.4,0.7,65.9,121.3,0.2,29.3,11.6,7.6,12.1,0.2,3.6,4.9
117,"Nov 17, 2017",2017-11-17,1099.6,7632.1,291.1,422.5,332.2,17.2,0.8,67.5,122.8,0.2,32.8,11.4,7.5,12.7,0.2,3.5,4.9
118,"Nov 18, 2017",2017-11-18,1113.6,7790.3,298.3,432.6,337.0,17.3,0.8,69.4,125.9,0.2,37.3,11.0,7.6,13.4,0.2,3.4,4.9
119,"Nov 19, 2017",2017-11-19,1204.0,7845.2,294.9,440.7,344.8,17.6,0.8,69.6,129.0,0.2,41.0,11.1,7.8,13.8,0.2,3.4,5.1
120,"Nov 20, 2017",2017-11-20,1220.9,8009.1,294.7,461.2,356.2,18.0,0.9,71.2,132.0,0.2,39.4,11.3,7.9,14.3,0.2,3.5,5.2
121,"Nov 21, 2017",2017-11-21,1195.0,8102.8,294.4,474.4,360.5,18.0,0.9,71.3,135.7,0.2,36.6,11.6,7.8,14.3,0.2,3.5,5.2
122,"Nov 22, 2017",2017-11-22,1238.8,8175.2,296.6,519.9,369.3,18.1,0.9,71.4,147.8,0.2,35.3,11.9,7.9,14.4,0.2,3.6,5.2
123,"Nov 23, 2017",2017-11-23,1388.0,8121.2,294.4,546.6,383.7,18.0,0.9,71.7,155.4,0.2,35.0,12.4,7.8,14.1,0.2,3.7,5.2
124,"Nov 24, 2017",2017-11-24,1545.2,8182.0,295.4,570.7,421.9,19.2,0.8,74.4,161.5,0.2,35.2,12.9,7.8,14.2,0.2,4.0,5.2
125,"Nov 25, 2017",2017-11-25,1634.5,8361.1,297.2,592.3,450.5,20.5,0.8,80.0,162.4,0.2,35.9,13.7,8.0,14.3,0.2,4.3,5.3
126,"Nov 26, 2017",2017-11-26,1651.8,8791.7,300.6,610.6,470.8,21.8,0.8,84.2,163.9,0.2,37.1,14.7,8.3,14.6,0.2,4.5,5.4
127,"Nov 27, 2017",2017-11-27,1643.2,9313.3,301.7,632.5,472.7,23.2,0.9,88.8,168.4,0.2,38.9,15.5,8.9,14.7,0.3,4.9,5.6
128,"Nov 28, 2017",2017-11-28,1634.8,9735.9,295.4,626.8,474.9,27.3,1.1,91.2,180.0,0.2,38.9,15.6,9.1,15.0,0.3,5.5,5.8
129,"Nov 29, 2017",2017-11-29,1509.5,9921.9,285.3,645.4,460.3,28.4,1.3,91.1,181.6,0.2,36.8,16.5,8.9,14.2,0.3,5.6,5.6
130,"Nov 30, 2017",2017-11-30,1431.9,10060.3,280.3,696.9,449.2,29.2,1.4,90.0,183.8,0.2,34.4,20.9,8.5,13.6,0.3,5.6,5.3
131,"Dec 01, 2017",2017-12-01,1404.1,10365.9,292.5,753.9,447.1,28.3,1.3,91.0,179.7,0.2,33.7,26.2,8.3,12.9,0.2,5.3,5.3
132,"Dec 02, 2017",2017-12-02,1429.1,10761.3,309.1,787.6,459.0,30.1,1.4,95.9,191.4,0.2,34.6,29.3,8.8,13.0,0.3,5.6,5.6
133,"Dec 03, 2017",2017-12-03,1485.9,11124.5,318.0,781.6,465.3,30.8,1.6,100.2,198.0,0.3,35.8,28.6,9.2,13.1,0.3,5.9,6.0
134,"Dec 04, 2017",2017-12-04,1523.9,11351.7,320.6,773.8,466.5,30.6,2.0,101.9,204.4,0.3,38.0,27.5,9.7,13.3,0.3,6.5,6.3
135,"Dec 05, 2017",2017-12-05,1546.2,11632.4,324.8,766.4,466.4,30.4,2.8,102.6,226.6,0.3,39.2,26.8,10.0,13.3,0.3,7.0,6.8
136,"Dec 06, 2017",2017-12-06,1503.0,12621.8,343.9,743.5,454.0,29.5,3.7,102.3,252.8,0.3,38.7,25.0,9.7,12.9,0.2,7.5,7.5
137,"Dec 07, 2017",2017-12-07,1421.0,14702.6,382.7,718.1,442.1,28.4,4.1,100.3,276.3,0.3,36.3,22.6,8.9,12.5,0.2,8.0,8.1
138,"Dec 08, 2017",2017-12-08,1408.4,16253.5,408.7,708.2,439.7,28.2,4.5,107.8,278.8,0.4,35.4,21.0,8.3,12.4,0.2,8.5,8.5
139,"Dec 09, 2017",2017-12-09,1401.7,16549.1,410.1,716.1,454.6,28.7,4.6,126.1,273.4,0.4,35.6,21.9,8.3,12.5,0.2,9.0,8.5
140,"Dec 10, 2017",2017-12-10,1399.1,15734.3,385.7,713.0,457.1,28.5,4.6,142.9,261.5,0.5,35.1,22.3,8.3,12.0,0.2,9.1,9.0
141,"Dec 11, 2017",2017-12-11,1385.5,15856.8,375.7,725.9,476.8,27.7,4.4,172.7,262.5,0.4,35.0,23.1,8.5,12.2,0.2,9.7,9.9
142,"Dec 12, 2017",2017-12-12,1453.8,16602.5,380.5,795.4,536.1,28.2,4.4,226.3,277.7,0.5,36.5,23.1,9.1,13.1,0.3,10.0,11.9
143,"Dec 13, 2017",2017-12-13,1548.7,16920.1,377.9,861.4,623.1,29.2,4.4,277.7,297.8,0.5,40.4,23.3,10.0,15.2,0.4,10.1,13.2
144,"Dec 14, 2017",2017-12-14,1729.6,16795.9,375.8,920.0,683.3,30.7,4.2,299.4,313.0,0.6,45.3,23.2,10.8,17.5,0.6,9.8,14.1
145,"Dec 15, 2017",2017-12-15,1796.4,16893.0,378.6,909.5,694.3,31.3,3.9,293.9,314.4,0.6,47.8,23.0,11.3,22.8,0.7,9.7,13.5
146,"Dec 16, 2017",2017-12-16,1861.1,17922.8,409.0,947.7,692.2,32.9,3.8,292.7,321.6,0.6,49.5,23.3,12.5,26.7,0.8,10.2,13.4
147,"Dec 17, 2017",2017-12-17,1826.7,18781.7,427.1,1002.6,700.2,33.9,3.8,305.8,330.3,0.6,55.3,24.4,13.9,29.7,0.7,10.7,13.3
148,"Dec 18, 2017",2017-12-18,1953.8,19250.8,438.4,1091.5,736.9,36.3,3.9,325.3,353.4,0.7,65.0,26.3,16.1,36.8,0.8,11.6,14.2
149,"Dec 19, 2017",2017-12-19,2288.5,18677.2,415.1,1153.2,780.5,38.2,4.5,342.4,370.0,0.8,72.0,27.5,17.4,49.7,0.8,12.0,15.0
150,"Dec 20, 2017",2017-12-20,2975.2,17838.5,393.4,1301.5,813.5,41.2,4.9,341.1,409.3,0.9,74.6,27.9,18.1,61.1,0.8,11.9,15.6
151,"Dec 21, 2017",2017-12-21,3332.0,16734.7,363.6,1390.8,822.3,42.1,5.2,327.4,421.5,1.0,72.6,28.2,17.7,64.5,0.9,12.0,15.7
152,"Dec 22, 2017",2017-12-22,3295.6,15419.8,331.0,1388.2,771.7,39.0,4.5,299.0,411.1,0.9,67.5,26.7,15.9,58.4,1.0,11.3,14.6
153,"Dec 23, 2017",2017-12-23,3073.6,14778.0,306.3,1296.4,738.4,35.3,4.0,290.2,382.0,0.9,61.9,26.3,14.8,56.3,1.2,12.0,14.3
154,"Dec 24, 2017",2017-12-24,2952.3,14152.3,273.3,1213.1,696.1,31.5,3.5,276.4,355.1,0.9,58.1,25.5,13.9,53.5,1.1,12.5,13.5
155,"Dec 25, 2017",2017-12-25,3038.3,14217.2,250.0,1212.0,726.5,32.0,3.5,279.2,360.0,1.0,61.6,29.3,14.8,56.3,1.1,14.3,14.1
156,"Dec 26, 2017",2017-12-26,2988.9,14684.1,286.5,1194.5,744.6,32.0,3.6,278.6,359.8,1.0,63.8,31.3,15.1,55.9,1.1,14.8,14.1
157,"Dec 27, 2017",2017-12-27,2984.4,15321.6,346.5,1196.2,767.5,32.5,3.7,277.4,388.1,1.0,66.2,33.7,15.3,56.1,1.2,14.7,14.0
158,"Dec 28, 2017",2017-12-28,2855.0,15514.9,409.7,1191.1,757.9,31.5,3.7,269.5,394.1,0.9,65.9,33.6,15.1,55.4,1.3,14.3,13.5
159,"Dec 29, 2017",2017-12-29,2745.4,15033.7,431.5,1166.1,751.2,30.6,3.7,255.9,392.7,1.0,68.7,34.0,15.4,56.4,1.7,14.4,13.3
160,"Dec 30, 2017",2017-12-30,2579.7,14071.6,419.1,1106.7,736.0,28.8,3.6,238.1,362.4,1.0,70.6,32.0,15.9,58.5,1.9,14.1,12.7
161,"Dec 31, 2017",2017-12-31,2568.5,13921.6,422.3,1070.4,742.5,28.3,3.5,232.2,352.4,1.0,74.1,31.6,17.5,60.5,2.2,14.1,12.7
162,"Jan 01, 2018",2018-01-01,2452.7,13588.6,396.3,1039.0,748.9,29.7,3.6,226.7,346.3,1.0,75.7,33.9,18.6,61.3,2.3,14.2,12.3
163,"Jan 02, 2018",2018-01-02,2558.8,14265.2,411.0,1107.8,804.6,32.4,3.8,238.9,363.8,1.1,81.7,36.8,19.8,61.3,2.4,15.3,12.8
164,"Jan 03, 2018",2018-01-03,2584.1,14613.4,420.5,1147.5,873.3,34.6,4.0,243.4,384.8,1.3,91.6,38.5,20.1,60.2,2.7,16.2,13.0
165,"Jan 04, 2018",2018-01-04,2583.3,15260.8,434.9,1206.1,942.7,35.4,4.1,247.5,399.5,1.5,98.3,37.7,20.3,59.1,2.9,16.4,13.0
166,"Jan 05, 2018",2018-01-05,2541.1,16076.6,426.3,1184.3,980.5,35.8,4.0,245.3,400.0,1.7,100.0,35.7,19.7,59.8,3.1,16.1,12.5
167,"Jan 06, 2018",2018-01-06,2600.4,16851.9,426.9,1215.7,1006.8,37.0,3.9,262.4,413.6,1.6,98.4,33.8,19.3,71.6,3.1,15.8,12.5
168,"Jan 07, 2018",2018-01-07,2719.3,17144.7,409.7,1234.3,1064.2,38.5,3.9,278.1,432.3,1.7,99.5,35.3,20.8,81.0,3.2,16.1,12.6
169,"Jan 08, 2018",2018-01-08,2665.0,16391.6,396.1,1212.7,1114.5,37.8,4.0,280.2,439.1,1.7,101.9,41.0,22.5,78.8,3.0,18.3,13.1
170,"Jan 09, 2018",2018-01-09,2533.3,15414.4,364.0,1161.7,1200.5,37.8,3.8,263.7,425.9,1.7,110.6,45.2,24.5,65.0,2.6,19.4,13.2
171,"Jan 10, 2018",2018-01-10,2569.5,14912.9,347.4,1102.0,1234.7,36.5,3.7,251.1,408.7,1.5,117.4,47.6,24.2,54.4,2.2,20.2,13.1
172,"Jan 11, 2018",2018-01-11,2583.2,14324.8,327.6,1075.4,1236.8,36.0,3.6,242.3,392.2,1.4,119.4,45.3,23.4,51.0,2.0,18.3,12.1
173,"Jan 12, 2018",2018-01-12,2659.7,14119.9,317.5,1056.4,1228.0,35.4,3.6,238.9,386.0,1.4,118.6,44.9,22.6,50.1,2.0,18.0,11.6
174,"Jan 13, 2018",2018-01-13,2589.6,13915.5,314.4,1054.3,1274.8,37.2,3.7,241.8,390.1,1.4,124.5,46.0,23.4,50.3,2.0,18.2,11.3
175,"Jan 14, 2018",2018-01-14,2619.9,14037.6,311.5,1056.4,1345.5,40.6,3.8,244.9,404.8,1.4,145.2,47.4,24.1,53.1,2.0,19.5,11.4
176,"Jan 15, 2018",2018-01-15,2546.7,13984.0,289.1,1017.8,1351.7,41.9,3.7,243.5,411.4,1.4,166.1,45.8,24.0,53.8,1.9,20.2,11.2
177,"Jan 16, 2018",2018-01-16,2242.3,13027.4,189.6,904.3,1237.5,37.3,3.3,219.9,378.0,1.3,167.7,38.1,21.2,47.6,1.6,18.6,10.1
178,"Jan 17, 2018",2018-01-17,1973.9,12166.3,99.3,830.8,1120.0,32.7,2.9,202.5,351.3,1.1,158.0,32.2,19.3,41.7,1.4,16.8,9.1
179,"Jan 18, 2018",2018-01-18,1759.0,11384.7,26.5,796.2,1034.7,29.3,2.7,189.2,318.6,1.0,143.1,30.2,17.7,36.6,1.4,14.8,8.4
180,"Jan 19, 2018",2018-01-19,1758.1,11423.6,29.8,825.1,1029.9,30.3,2.7,190.8,333.4,1.1,141.2,31.7,18.1,37.7,1.5,14.7,8.5
181,"Jan 20, 2018",2018-01-20,1852.8,11993.8,29.5,869.3,1076.8,32.3,2.8,198.9,355.0,1.1,144.0,33.6,18.6,42.6,1.6,15.2,9.0
182,"Jan 21, 2018",2018-01-21,1859.5,12035.6,22.9,863.5,1081.3,32.3,2.8,198.1,364.5,1.1,140.2,31.8,18.4,44.4,1.5,14.7,8.9
183,"Jan 22, 2018",2018-01-22,1810.2,11810.2,18.8,835.9,1069.3,31.5,2.7,193.8,348.3,1.1,134.9,29.8,17.4,44.7,1.4,13.7,8.7
184,"Jan 23, 2018",2018-01-23,1673.3,11133.3,16.9,779.6,1013.0,29.3,2.6,182.7,323.1,1.0,125.5,27.4,16.2,40.6,1.4,12.5,8.3
185,"Jan 24, 2018",2018-01-24,1627.5,11053.1,15.4,765.2,1016.1,29.1,2.5,179.3,313.9,1.0,127.2,27.6,16.5,39.9,1.4,12.3,8.4
186,"Jan 25, 2018",2018-01-25,1634.2,11162.4,14.0,776.0,1033.7,29.1,2.4,179.4,314.3,1.0,132.0,27.8,17.3,40.1,1.3,12.6,8.7
187,"Jan 26, 2018",2018-01-26,1628.4,11263.4,12.3,784.4,1056.7,29.2,2.4,179.0,319.4,0.9,137.4,27.6,17.5,40.3,1.3,12.9,8.9
188,"Jan 27, 2018",2018-01-27,1624.9,11290.5,11.4,784.0,1072.8,29.2,2.4,179.3,320.7,0.9,138.7,27.7,16.8,40.0,1.3,13.5,9.0
189,"Jan 28, 2018",2018-01-28,1659.6,11466.1,10.0,789.5,1136.1,30.4,2.4,183.8,325.7,1.0,143.4,28.3,16.6,41.0,1.3,14.1,9.1
190,"Jan 29, 2018",2018-01-29,1677.3,11507.8,8.6,784.6,1178.5,31.4,2.5,185.5,323.4,1.0,153.5,28.4,16.7,42.2,1.3,14.6,9.0
191,"Jan 30, 2018",2018-01-30,1624.6,11063.0,7.1,752.3,1166.5,30.6,2.4,180.3,307.6,0.9,155.5,26.4,16.3,41.5,1.3,13.8,8.5
192,"Jan 31, 2018",2018-01-31,1538.2,10541.3,7.2,714.0,1123.9,29.2,2.4,170.1,287.8,0.8,153.4,23.7,15.9,41.0,1.2,13.0,8.0
193,"Feb 01, 2018",2018-02-01,1410.6,9832.6,7.9,663.8,1075.4,27.0,2.1,157.0,262.6,0.7,139.3,21.1,14.9,38.4,1.1,11.5,7.3
194,"Feb 02, 2018",2018-02-02,1317.5,9407.5,8.1,633.8,1023.6,25.6,2.0,145.7,249.8,0.7,130.6,19.5,14.3,36.0,1.0,10.6,6.9
195,"Feb 03, 2018",2018-02-03,1246.0,9058.7,7.4,613.8,972.2,24.1,1.9,144.6,242.7,0.6,123.0,18.9,13.8,32.0,0.9,9.7,6.5
196,"Feb 04, 2018",2018-02-04,1209.7,8760.9,6.2,591.4,904.8,22.8,1.8,146.6,236.1,0.6,116.8,17.8,13.1,28.8,0.9,9.0,6.2
197,"Feb 05, 2018",2018-02-05,1108.4,8135.7,5.4,546.3,832.2,20.6,1.7,144.5,217.4,0.5,104.3,16.4,11.8,25.6,0.8,7.9,5.6
198,"Feb 06, 2018",2018-02-06,1009.1,7662.1,5.1,510.0,775.3,19.0,1.6,138.8,204.3,0.5,98.6,14.8,10.9,23.6,0.8,7.0,5.1
199,"Feb 07, 2018",2018-02-07,940.0,7443.5,4.1,500.6,749.4,18.0,1.6,135.5,199.7,0.5,96.9,14.8,10.5,22.1,0.7,6.5,4.9
200,"Feb 08, 2018",2018-02-08,1072.3,7880.3,3.5,551.8,789.3,19.8,1.7,143.6,222.3,0.6,107.0,15.5,11.4,24.1,0.8,6.9,5.2
201,"Feb 09, 2018",2018-02-09,1184.9,8208.0,2.3,588.3,819.6,22.0,1.8,150.5,238.3,0.6,110.8,15.8,12.0,26.5,0.8,7.3,5.5
202,"Feb 10, 2018",2018-02-10,1284.7,8541.5,2.3,625.6,854.0,24.1,1.9,156.3,252.6,0.6,113.5,17.0,12.5,29.3,0.9,7.8,5.8
203,"Feb 11, 2018",2018-02-11,1262.4,8496.3,2.3,617.3,853.0,24.9,1.8,156.2,246.6,0.6,110.5,18.0,12.5,29.6,1.0,7.7,5.7
204,"Feb 12, 2018",2018-02-12,1253.0,8559.5,2.5,611.6,847.9,26.2,1.8,155.4,242.4,0.6,109.1,19.9,12.4,29.3,1.1,7.6,5.6
205,"Feb 13, 2018",2018-02-13,1244.5,8551.6,2.8,598.7,842.9,29.3,1.8,156.7,237.2,0.5,109.3,20.2,12.6,29.2,1.0,7.6,5.6
206,"Feb 14, 2018",2018-02-14,1292.7,9006.5,3.3,631.7,879.2,33.0,1.9,178.2,253.0,0.6,115.6,21.4,13.8,30.9,1.1,8.4,5.9
207,"Feb 15, 2018",2018-02-15,1323.4,9419.8,3.6,659.4,901.9,34.5,2.0,199.4,271.5,0.6,119.0,21.5,15.1,31.9,1.1,8.9,6.7
208,"Feb 16, 2018",2018-02-16,1430.1,9965.0,4.0,693.9,934.9,34.9,2.1,223.0,292.1,0.6,124.9,21.8,16.8,32.9,1.1,9.5,7.5
209,"Feb 17, 2018",2018-02-17,1493.1,10504.3,4.2,715.0,951.8,34.8,2.1,228.3,308.5,0.6,129.6,22.2,17.7,33.2,1.2,9.6,7.9
210,"Feb 18, 2018",2018-02-18,1530.3,10632.8,4.0,710.1,947.4,35.0,2.1,225.1,307.4,0.6,131.0,21.6,17.7,32.6,1.2,9.5,7.8
211,"Feb 19, 2018",2018-02-19,1524.5,10963.3,4.0,720.1,947.3,36.4,2.1,222.8,314.1,0.6,133.9,22.7,17.5,32.5,1.2,9.7,7.8
212,"Feb 20, 2018",2018-02-20,1480.3,11060.3,3.7,701.0,921.1,37.5,2.0,223.9,307.0,0.5,131.1,22.9,17.6,31.7,1.1,9.4,7.9
213,"Feb 21, 2017",2017-02-21,,0.0,0.0,0.0,0.0,0.0,,0.0,0.0,0.0,0.0,,,,0.0,0.0,0.0
214,"Feb 22, 2017",2017-02-22,,0.0,0.0,0.0,0.0,0.0,,0.0,0.0,0.0,0.0,,,,0.0,0.0,0.0
215,"Feb 23, 2017",2017-02-23,,1133.2,0.7,22.9,12.8,1.2,,3.8,12.7,0.0,0.1,,,,0.0,0.1,0.2
216,"Feb 24, 2017",2017-02-24,,1152.6,0.8,24.5,12.9,1.2,,3.8,12.5,0.0,0.1,,,,0.0,0.1,0.2
217,"Feb 25, 2017",2017-02-25,,1161.4,0.8,26.1,13.2,1.2,,3.8,12.2,0.0,0.1,,,,0.0,0.1,0.2
218,"Feb 26, 2017",2017-02-26,,1160.9,0.8,27.0,13.7,1.2,,3.8,11.9,0.0,0.1,,,,0.0,0.1,0.2
219,"Feb 27, 2017",2017-02-27,,1163.0,0.8,27.7,14.5,1.2,,3.8,11.9,0.0,0.1,,,,0.0,0.1,0.2
220,"Feb 28, 2017",2017-02-28,,1175.0,0.8,29.6,15.2,1.2,,3.8,12.0,0.0,0.1,,,,0.0,0.1,0.2
221,"Mar 01, 2017",2017-03-01,,1194.1,0.8,34.4,16.2,1.3,,3.8,12.2,0.0,0.1,,,,0.0,0.1,0.2
222,"Mar 02, 2017",2017-03-02,,1217.8,0.8,39.2,17.4,1.3,,3.8,12.6,0.0,0.1,,,,0.0,0.1,0.2
223,"Mar 03, 2017",2017-03-03,,1249.5,0.9,44.1,18.6,1.4,,3.9,13.1,0.0,0.1,,,,0.0,0.1,0.2
224,"Mar 04, 2017",2017-03-04,,1260.4,0.9,44.4,19.0,1.4,,3.9,13.6,0.0,0.1,,,,0.0,0.1,0.2
225,"Mar 05, 2017",2017-03-05,,1265.8,0.9,44.4,19.1,1.4,,3.9,14.3,0.0,0.1,,,,0.0,0.1,0.2
226,"Mar 06, 2017",2017-03-06,,1265.0,0.9,44.1,19.2,1.4,,3.9,14.8,0.0,0.1,,,,0.0,0.1,0.2
227,"Mar 07, 2017",2017-03-07,,1254.5,0.9,44.8,19.3,1.4,,3.9,14.7,0.0,0.1,,,,0.0,0.1,0.2
228,"Mar 08, 2017",2017-03-08,,1215.5,0.9,44.8,18.4,1.4,,3.8,13.8,0.0,0.1,,,,0.0,0.1,0.2
229,"Mar 09, 2017",2017-03-09,,1187.3,1.1,46.4,17.8,1.3,,3.8,13.0,0.0,0.1,,,,0.0,0.1,0.2
230,"Mar 10, 2017",2017-03-10,,1151.7,1.4,47.9,17.9,1.3,,3.8,12.9,0.0,0.1,,,,0.0,0.1,0.2
231,"Mar 11, 2017",2017-03-11,,1160.3,1.7,58.1,19.5,1.3,,3.8,13.6,0.0,0.1,,,,0.0,0.1,0.2
232,"Mar 12, 2017",2017-03-12,,1171.3,1.8,66.8,21.4,1.4,,3.8,14.9,0.0,0.1,,,,0.0,0.1,0.2
233,"Mar 13, 2017",2017-03-13,,1209.7,1.8,74.9,24.5,1.5,,3.9,16.5,0.0,0.1,,,,0.0,0.1,0.2
234,"Mar 14, 2017",2017-03-14,,1231.1,1.8,80.0,26.9,1.6,,4.0,17.6,0.0,0.1,,,,0.0,0.1,0.3
235,"Mar 15, 2017",2017-03-15,,1240.5,1.9,86.0,30.8,1.7,,4.1,18.3,0.0,0.1,,,,0.0,0.1,0.3
236,"Mar 16, 2017",2017-03-16,,1225.8,1.9,91.0,36.7,1.9,,4.2,19.7,0.0,0.1,,,,0.0,0.1,0.3
237,"Mar 17, 2017",2017-03-17,,1179.2,1.8,94.7,42.7,1.9,,4.2,21.3,0.0,0.1,,,,0.0,0.1,0.3
238,"Mar 18, 2017",2017-03-18,,1087.3,1.7,99.4,42.4,1.9,,4.1,21.6,0.0,0.1,,,,0.0,0.1,0.3
239,"Mar 19, 2017",2017-03-19,,1036.9,1.7,105.5,41.9,1.8,,4.0,21.9,0.0,0.2,,,,0.0,0.1,0.3
240,"Mar 20, 2017",2017-03-20,,1021.6,1.7,105.8,40.8,1.9,,4.0,22.0,0.0,0.2,,,,0.0,0.1,0.3
241,"Mar 21, 2017",2017-03-21,,1070.5,1.8,101.2,43.8,2.1,,4.0,22.4,0.0,0.2,,,,0.0,0.1,0.3
242,"Mar 22, 2017",2017-03-22,,1074.6,1.8,99.0,43.0,2.3,,4.0,21.7,0.0,0.2,,,,0.0,0.1,0.3
243,"Mar 23, 2017",2017-03-23,,1069.4,1.9,99.4,43.1,2.4,,4.0,21.5,0.0,0.2,,,,0.0,0.1,0.3
244,"Mar 24, 2017",2017-03-24,,1008.4,2.4,100.1,46.4,2.4,,4.0,21.4,0.0,0.2,,,,0.0,0.1,0.3
245,"Mar 25, 2017",2017-03-25,,983.0,2.8,97.7,49.3,2.3,,4.0,21.0,0.0,0.2,,,,0.0,0.1,0.3
246,"Mar 26, 2017",2017-03-26,,959.0,3.1,95.1,51.6,2.3,,4.1,20.3,0.0,0.2,,,,0.0,0.1,0.3
247,"Mar 27, 2017",2017-03-27,,995.1,3.1,91.2,50.5,2.2,,4.1,19.8,0.0,0.2,,,,0.0,0.2,0.3
248,"Mar 28, 2017",2017-03-28,,1019.9,3.2,89.1,50.3,2.2,,4.1,19.7,0.0,0.2,,,,0.0,0.2,0.4
249,"Mar 29, 2017",2017-03-29,,1044.3,3.3,86.0,51.2,2.2,,4.1,20.2,0.0,0.2,,,,0.0,0.2,0.4
250,"Mar 30, 2017",2017-03-30,,1037.8,3.4,84.0,52.0,2.5,,5.1,20.6,0.0,0.2,,,,0.0,0.2,0.4
251,"Mar 31, 2017",2017-03-31,,1046.1,3.4,79.6,51.8,2.7,,5.9,20.9,0.0,0.2,,,,0.0,0.2,0.4
252,"Apr 01, 2017",2017-04-01,,1059.6,3.6,74.4,51.0,2.8,,6.8,21.0,0.0,0.2,,,,0.0,0.2,0.4
253,"Apr 02, 2017",2017-04-02,,1084.8,3.8,66.9,49.8,2.7,,7.1,20.7,0.0,0.2,,,,0.0,0.2,0.4
254,"Apr 03, 2017",2017-04-03,,1108.8,4.1,62.5,47.9,2.7,,7.6,20.7,0.0,0.2,,,,0.0,0.3,0.4
255,"Apr 04, 2017",2017-04-04,,1126.4,4.4,62.6,45.9,2.6,,8.0,20.6,0.0,0.2,,,,0.0,0.3,0.4
256,"Apr 05, 2017",2017-04-05,,1133.9,4.7,68.4,44.8,2.7,,9.1,20.4,0.0,0.2,,,,0.0,0.4,0.4
257,"Apr 06, 2017",2017-04-06,,1146.9,4.9,70.0,44.4,2.7,,9.9,20.1,0.0,0.2,,,,0.0,0.4,0.4
258,"Apr 07, 2017",2017-04-07,,1161.5,5.1,69.0,43.6,2.7,,10.2,19.4,0.0,0.2,,,,0.0,0.4,0.4
259,"Apr 08, 2017",2017-04-08,,1178.5,5.5,66.8,43.2,2.7,,9.8,19.8,0.0,0.2,,,,0.0,0.4,0.4
260,"Apr 09, 2017",2017-04-09,,1180.2,5.7,66.2,43.2,2.7,,9.3,20.3,0.0,0.2,,,,0.0,0.4,0.4
261,"Apr 10, 2017",2017-04-10,,1183.6,5.9,64.6,43.7,2.7,,9.2,21.1,0.0,0.2,,,,0.0,0.4,0.4
262,"Apr 11, 2017",2017-04-11,,1193.3,6.8,62.2,43.4,2.6,,8.8,21.3,0.0,0.2,,,,0.0,0.4,0.4
263,"Apr 12, 2017",2017-04-12,,1197.5,8.4,63.3,44.4,2.6,,9.5,21.7,0.0,0.2,,,,0.0,0.4,0.4
264,"Apr 13, 2017",2017-04-13,,1191.6,10.3,67.0,46.6,2.6,,9.9,21.5,0.0,0.2,,,,0.0,0.5,0.4
265,"Apr 14, 2017",2017-04-14,,1179.1,10.7,70.4,48.0,2.6,,10.4,21.3,0.0,0.2,,,,0.0,0.5,0.4
266,"Apr 15, 2017",2017-04-15,,1169.8,10.8,72.8,49.0,2.6,,10.4,20.9,0.0,0.2,,,,0.0,0.6,0.4
267,"Apr 16, 2017",2017-04-16,,1174.3,10.1,73.7,48.5,2.7,,10.6,20.6,0.0,0.2,,,,0.0,0.7,0.4
268,"Apr 17, 2017",2017-04-17,,1183.1,9.7,75.3,48.7,2.6,,10.6,20.6,0.0,0.2,,,,0.0,0.7,0.4
269,"Apr 18, 2017",2017-04-18,,1196.2,9.4,74.6,49.2,2.7,,10.5,20.7,0.0,0.2,,,,0.0,0.7,0.4
270,"Apr 19, 2017",2017-04-19,,1205.3,9.6,73.6,49.1,2.9,,10.1,20.7,0.0,0.2,,,,0.0,0.7,0.4
271,"Apr 20, 2017",2017-04-20,,1217.0,10.0,72.2,49.6,3.1,,10.1,20.6,0.0,0.2,,,,0.0,0.7,0.4
272,"Apr 21, 2017",2017-04-21,,1220.5,10.0,71.5,48.7,3.2,,10.4,20.3,0.0,0.2,,,,0.0,0.7,0.5
273,"Apr 22, 2017",2017-04-22,,1227.6,10.0,71.2,48.8,3.2,,11.5,20.2,0.0,0.2,,,,0.0,0.7,0.5
274,"Apr 23, 2017",2017-04-23,,1220.3,9.9,70.3,48.4,3.3,,12.7,20.0,0.0,0.2,,,,0.0,0.6,0.5
275,"Apr 24, 2017",2017-04-24,,1229.7,9.9,70.8,49.0,3.6,,14.0,19.8,0.0,0.2,,,,0.0,0.6,0.5
276,"Apr 25, 2017",2017-04-25,,1240.9,9.6,71.1,49.5,3.9,,14.7,19.6,0.0,0.2,,,,0.0,0.6,0.6
277,"Apr 26, 2017",2017-04-26,,1265.6,9.0,71.9,50.9,4.2,,15.0,19.5,0.0,0.2,,,,0.0,0.6,0.6
278,"Apr 27, 2017",2017-04-27,,1288.1,8.6,73.9,54.9,4.5,,14.9,20.1,0.0,0.2,,,,0.0,0.6,0.6
279,"Apr 28, 2017",2017-04-28,,1305.1,8.5,76.4,61.7,4.8,,14.6,21.0,0.0,0.2,,,,0.0,0.6,0.6
280,"Apr 29, 2017",2017-04-29,,1318.7,8.9,84.2,66.9,5.1,,14.9,22.1,0.0,0.2,,,,0.0,0.7,0.6
281,"Apr 30, 2017",2017-04-30,,1328.7,9.0,88.7,72.5,5.6,,15.3,22.9,0.0,0.3,,,,0.0,0.7,0.6
282,"May 01, 2017",2017-05-01,,1363.8,8.7,91.5,74.6,6.3,,15.8,23.1,0.1,0.3,,,,0.1,0.7,0.6
283,"May 02, 2017",2017-05-02,,1407.4,8.3,88.6,77.5,6.7,,15.8,23.2,0.1,0.3,,,,0.1,0.8,0.6
284,"May 03, 2017",2017-05-03,,1454.8,7.9,88.1,77.8,6.7,,17.6,23.7,0.1,0.3,,,,0.1,0.9,0.6
285,"May 04, 2017",2017-05-04,,1493.5,7.5,89.7,84.7,7.0,,20.1,24.7,0.1,0.4,,,,0.1,1.0,0.7
286,"May 05, 2017",2017-05-05,,1527.7,6.8,94.0,90.4,7.3,,23.6,26.5,0.1,0.5,,,,0.1,1.1,0.7
287,"May 06, 2017",2017-05-06,,1557.3,7.0,97.2,96.4,7.5,,25.9,27.8,0.1,0.6,,,,0.1,1.2,0.7
288,"May 07, 2017",2017-05-07,,1577.0,7.3,101.7,95.4,7.3,,28.2,30.1,0.1,0.6,,,,0.1,1.2,0.8
289,"May 08, 2017",2017-05-08,,1633.0,8.1,102.4,94.4,7.0,,29.1,30.7,0.1,0.5,,,,0.1,1.2,0.8
290,"May 09, 2017",2017-05-09,,1691.8,8.0,100.2,92.2,6.7,,30.9,30.6,0.1,0.5,,,,0.2,1.2,0.8
291,"May 10, 2017",2017-05-10,,1755.3,7.9,95.3,90.7,6.6,,31.5,29.7,0.1,0.5,,,,0.2,1.2,1.0
292,"May 11, 2017",2017-05-11,,1797.0,7.8,92.1,90.2,6.5,,32.1,29.3,0.1,0.5,,,,0.2,1.2,1.1
293,"May 12, 2017",2017-05-12,,1786.6,7.6,90.0,89.4,6.5,,30.0,29.3,0.1,0.5,,,,0.2,1.3,1.2
294,"May 13, 2017",2017-05-13,,1792.6,7.9,89.2,89.8,6.3,,29.0,28.9,0.1,0.5,,,,0.2,1.3,1.2
295,"May 14, 2017",2017-05-14,,1779.4,8.2,88.7,90.1,6.4,,28.4,28.6,0.1,0.5,,,,0.2,1.3,1.2
296,"May 15, 2017",2017-05-15,,1784.1,8.8,90.2,91.3,6.5,,27.7,28.3,0.1,0.5,,,,0.2,1.2,1.3
297,"May 16, 2017",2017-05-16,,1760.6,9.2,89.0,90.9,6.5,,25.9,27.5,0.1,0.5,,,,0.3,1.2,1.3
298,"May 17, 2017",2017-05-17,,1770.7,9.7,86.8,90.6,6.2,,24.7,27.0,0.1,0.5,,,,0.3,1.2,1.3
299,"May 18, 2017",2017-05-18,,1820.7,10.2,86.2,92.1,6.3,,25.7,27.8,0.1,0.5,,,,0.4,1.3,1.3
300,"May 19, 2017",2017-05-19,,1905.2,10.7,90.7,105.4,6.9,,27.2,29.7,0.2,0.6,,,,0.4,1.4,1.4
301,"May 20, 2017",2017-05-20,,1987.0,11.4,96.5,117.7,7.4,,27.9,32.4,0.2,0.6,,,,0.3,1.7,1.5
302,"May 21, 2017",2017-05-21,,2037.9,12.0,100.6,138.0,8.3,,27.2,33.9,0.2,0.7,,,,0.3,1.9,1.7
303,"May 22, 2017",2017-05-22,,2099.8,12.4,107.8,152.9,8.9,,26.4,35.3,0.2,0.7,,,,0.3,2.0,1.8
304,"May 23, 2017",2017-05-23,,2178.3,12.7,120.3,171.4,10.4,,27.9,42.1,0.3,0.8,,,,0.3,2.3,2.1
305,"May 24, 2017",2017-05-24,,2312.5,13.0,134.5,182.1,13.6,,30.6,45.7,0.3,1.1,,,0.0,0.3,2.6,2.4
306,"May 25, 2017",2017-05-25,,2356.3,14.2,134.1,182.2,15.7,,32.2,47.0,0.2,1.2,,,0.0,0.3,2.9,2.6
307,"May 26, 2017",2017-05-26,,2317.0,14.8,125.7,175.0,16.5,,29.4,41.4,0.2,1.2,,,5.0,0.3,2.9,2.5
308,"May 27, 2017",2017-05-27,,2182.1,15.2,110.6,164.2,15.6,,25.8,37.4,0.2,1.0,,,4.4,0.2,2.8,2.4
309,"May 28, 2017",2017-05-28,,2132.4,15.3,106.8,162.9,15.6,,23.9,36.3,0.2,0.9,,,4.4,0.2,2.9,2.4
310,"May 29, 2017",2017-05-29,,2150.1,15.9,108.2,174.4,16.5,,24.4,37.2,0.2,1.0,,,4.6,0.2,3.2,2.5
311,"May 30, 2017",2017-05-30,,2195.6,16.7,115.5,199.1,17.3,,24.5,39.3,0.2,1.0,,,4.6,0.2,4.2,2.5
312,"May 31, 2017",2017-05-31,,2239.2,17.7,124.8,219.2,17.8,,24.9,40.9,0.2,1.0,,,4.7,0.2,4.9,2.7
313,"Jun 01, 2017",2017-06-01,,2289.9,19.3,131.1,228.3,17.7,,26.1,41.8,0.2,1.1,,,5.8,0.3,5.7,2.9
314,"Jun 02, 2017",2017-06-02,,2394.3,21.8,139.1,225.6,17.3,,27.7,43.2,0.2,1.2,,,8.7,0.3,6.6,3.6
315,"Jun 03, 2017",2017-06-03,,2470.6,24.0,141.9,223.5,16.8,,28.5,43.4,0.2,1.3,,,11.3,0.3,8.0,4.4
316,"Jun 04, 2017",2017-06-04,,2505.2,25.1,144.3,231.2,17.0,,28.2,43.1,0.2,1.3,,,12.7,0.3,9.5,5.0
317,"Jun 05, 2017",2017-06-05,,2571.3,27.8,144.2,239.4,17.0,,28.8,44.5,0.2,1.3,,,12.0,0.3,10.1,5.4
318,"Jun 06, 2017",2017-06-06,,2687.3,31.9,144.5,252.8,17.4,,29.8,48.9,0.2,1.3,,,11.6,0.3,10.5,5.5
319,"Jun 07, 2017",2017-06-07,,2760.7,35.4,143.5,257.0,17.4,,29.9,52.1,0.2,1.3,,,11.2,0.3,10.1,5.5
320,"Jun 08, 2017",2017-06-08,,2800.3,38.4,143.5,261.4,17.5,,29.7,54.8,0.2,1.3,,,11.6,0.3,9.8,5.5
321,"Jun 09, 2017",2017-06-09,,2787.2,42.4,144.8,267.2,17.5,,29.4,54.8,0.2,1.4,,,11.7,0.3,9.1,5.8
322,"Jun 10, 2017",2017-06-10,,2859.0,48.5,148.7,293.7,18.2,,30.1,54.7,0.2,1.5,,,11.8,0.3,8.4,6.0
323,"Jun 11, 2017",2017-06-11,,2909.9,52.3,163.1,320.0,19.6,,31.1,55.5,0.2,1.6,,,11.6,0.3,8.1,6.2
324,"Jun 12, 2017",2017-06-12,,2855.2,50.9,170.3,359.9,20.5,,31.1,53.7,0.2,1.6,,,11.4,0.3,7.8,5.8
325,"Jun 13, 2017",2017-06-13,,2778.3,49.8,181.0,379.9,20.9,0.0,31.1,53.5,0.2,1.7,,,11.7,0.3,8.5,5.8
326,"Jun 14, 2017",2017-06-14,,2627.7,48.1,172.7,386.0,20.0,0.0,30.1,49.4,0.2,1.7,,,11.7,0.3,8.3,5.4
327,"Jun 15, 2017",2017-06-15,,2562.7,49.3,170.2,372.8,19.3,0.5,30.4,48.0,0.2,1.8,,,11.8,0.3,8.5,5.4
328,"Jun 16, 2017",2017-06-16,,2496.5,49.3,164.3,363.7,18.5,0.4,32.0,46.8,0.2,2.1,,,11.4,0.3,8.0,5.2
329,"Jun 17, 2017",2017-06-17,,2546.3,50.4,169.2,370.5,20.0,0.4,37.9,48.2,0.2,2.8,,,11.2,0.3,7.9,5.2
330,"Jun 18, 2017",2017-06-18,,2574.2,51.0,179.3,373.7,21.2,0.4,43.1,49.4,0.2,3.9,,,11.0,0.3,7.8,5.1
331,"Jun 19, 2017",2017-06-19,,2597.9,51.1,191.0,373.6,22.8,0.4,48.0,49.7,0.2,6.9,,,10.8,0.3,7.6,5.1
332,"Jun 20, 2017",2017-06-20,,2619.9,51.6,194.2,366.8,22.2,0.4,47.9,48.9,0.2,8.3,,,10.9,0.3,7.4,5.1
333,"Jun 21, 2017",2017-06-21,,2666.8,51.7,189.3,355.3,21.8,0.4,48.4,47.9,0.2,10.0,,,11.3,0.3,7.2,5.0
334,"Jun 22, 2017",2017-06-22,,2705.4,52.0,181.3,344.1,21.1,0.4,47.6,47.3,0.2,8.4,,,11.8,0.3,7.0,5.0
335,"Jun 23, 2017",2017-06-23,,2713.1,53.1,181.7,338.3,20.9,0.4,47.6,48.4,0.2,8.0,0.0,,13.6,0.3,7.5,5.0
336,"Jun 24, 2017",2017-06-24,,2686.3,53.6,183.0,333.9,20.8,0.5,46.5,48.9,0.2,6.7,0.0,,15.1,0.3,7.7,5.0
337,"Jun 25, 2017",2017-06-25,,2647.7,53.2,181.6,322.9,21.0,0.5,45.2,48.4,0.2,6.4,78.0,,16.1,0.3,7.7,4.9
338,"Jun 26, 2017",2017-06-26,,2558.9,50.8,172.8,299.9,20.4,0.5,43.2,45.8,0.2,5.9,82.8,,14.6,0.3,7.0,4.4
339,"Jun 27, 2017",2017-06-27,,2540.1,50.0,170.6,289.7,20.0,0.4,41.9,44.3,0.2,6.1,66.5,,14.0,0.3,6.7,4.2
340,"Jun 28, 2017",2017-06-28,,2535.2,50.3,174.3,297.9,19.5,0.4,41.5,44.8,0.2,6.9,55.3,,13.6,0.3,6.7,4.1
341,"Jun 29, 2017",2017-06-29,,2555.5,51.5,179.1,308.0,19.1,0.4,41.5,45.3,0.2,8.3,49.7,,13.6,0.3,6.7,4.1
342,"Jun 30, 2017",2017-06-30,,2531.7,51.8,181.0,308.6,19.1,0.4,41.4,45.4,0.2,9.0,43.4,,12.8,0.3,6.6,3.9
343,"Jul 01, 2017",2017-07-01,,2484.9,51.1,174.9,290.8,18.5,0.4,40.1,43.2,0.2,8.8,40.8,,11.6,0.3,6.1,3.7
344,"Jul 02, 2017",2017-07-02,,2474.0,51.2,173.7,285.8,18.2,0.4,40.3,42.5,0.2,8.3,40.8,,10.6,0.3,5.9,3.6
345,"Jul 03, 2017",2017-07-03,,2501.7,51.8,173.3,281.8,17.9,0.4,42.3,42.5,0.2,8.1,43.3,,9.7,0.3,5.8,3.7
346,"Jul 04, 2017",2017-07-04,,2557.4,53.6,179.1,281.4,17.9,0.4,47.8,44.0,0.2,8.0,41.3,,9.3,0.3,6.0,3.9
347,"Jul 05, 2017",2017-07-05,,2589.2,55.3,191.1,275.0,17.9,0.4,51.6,44.9,0.2,8.0,40.0,,8.9,0.3,6.1,4.2
348,"Jul 06, 2017",2017-07-06,,2604.1,57.2,201.9,270.9,17.9,0.4,53.2,47.1,0.2,7.9,38.1,,8.8,0.3,6.2,4.4
349,"Jul 07, 2017",2017-07-07,,2576.4,57.6,206.4,261.8,17.5,0.3,50.3,46.7,0.2,7.5,34.7,,8.0,0.3,5.7,4.2
350,"Jul 08, 2017",2017-07-08,,2566.2,58.6,206.3,256.1,17.2,0.3,49.9,46.8,0.2,7.4,30.9,,7.5,0.2,5.4,4.0
351,"Jul 09, 2017",2017-07-09,,2536.1,58.6,200.4,246.6,16.7,0.3,49.4,45.1,0.2,7.0,28.4,,6.7,0.2,4.7,3.8
352,"Jul 10, 2017",2017-07-10,,2487.4,57.7,193.1,236.4,16.2,0.3,49.4,43.7,0.1,6.8,26.6,,6.2,0.2,4.1,3.5
353,"Jul 11, 2017",2017-07-11,,2409.6,56.0,178.6,218.3,15.5,0.2,47.2,40.7,0.1,6.1,24.4,,5.5,0.2,3.4,3.1
354,"Jul 12, 2017",2017-07-12,,2369.7,55.8,173.3,214.5,16.7,0.2,46.9,39.2,0.1,6.0,25.2,,5.3,0.2,3.5,2.8
355,"Jul 13, 2017",2017-07-13,,2364.8,57.0,172.3,212.6,17.7,0.2,46.8,38.6,0.1,6.1,26.1,,5.2,0.2,3.7,2.8
356,"Jul 14, 2017",2017-07-14,,2330.0,57.1,170.7,213.4,18.6,0.2,46.0,38.0,0.1,6.2,26.9,0.0,5.1,0.2,3.8,2.8
357,"Jul 15, 2017",2017-07-15,,2196.7,52.6,157.5,193.4,16.9,0.2,42.7,35.3,0.1,5.6,23.0,0.0,4.5,0.2,3.4,2.5
358,"Jul 16, 2017",2017-07-16,,2054.0,49.4,144.6,175.9,15.5,0.2,40.9,32.3,0.1,5.2,19.9,0.5,4.1,0.2,3.1,2.1
359,"Jul 17, 2017",2017-07-17,,2052.4,49.4,142.2,173.8,14.8,0.2,40.8,32.1,0.1,5.3,19.7,0.5,4.1,0.2,3.3,2.2
360,"Jul 18, 2017",2017-07-18,,2159.0,53.9,148.2,195.1,15.4,0.2,42.6,33.5,0.1,5.6,21.8,0.6,4.5,0.2,3.6,2.4
361,"Jul 19, 2017",2017-07-19,,2273.6,56.8,155.9,209.2,15.6,0.3,42.6,35.4,0.1,5.9,25.4,0.6,5.1,0.2,4.0,2.7
362,"Jul 20, 2017",2017-07-20,,2470.0,61.6,167.4,220.5,15.8,0.3,43.4,37.2,0.1,6.4,29.7,0.7,6.1,0.2,4.5,2.9
363,"Jul 21, 2017",2017-07-21,,2586.3,64.5,176.7,215.1,15.7,0.3,43.9,38.6,0.1,6.8,32.6,0.7,7.0,0.2,5.2,3.0
364,"Jul 22, 2017",2017-07-22,,2765.2,68.1,189.9,225.0,16.2,0.3,45.8,41.8,0.2,7.8,35.4,0.8,7.6,0.2,6.1,3.5
