Date,Date,bitcoin_cash_MAvg_Close,bitcoin_MAvg_Close,bitconnect_MAvg_Close,dash_MAvg_Close,ethereum_MAvg_Close,ethereum_classic_MAvg_Close,iota_MAvg_Close,litecoin_MAvg_Close,monero_MAvg_Close,nem_MAvg_Close,neo_MAvg_Close,numeraire_MAvg_Close,omisego_MAvg_Close,qtum_MAvg_Close,ripple_MAvg_Close,stratis_MAvg_Close,waves_MAvg_Close
"Jul 23, 2017",23/07/17,0,2736.1,64.9,190.7,224.6,16.1,0.3,45.5,42.6,0.2,8.2,34.5,1.1,7.3,0.2,6.4,3.6
"Jul 24, 2017",24/07/17,0,2765.1,64.8,196.8,226.7,16.1,0.3,45,44.3,0.2,8.6,34.4,1.3,7.1,0.2,6.2,3.7
"Jul 25, 2017",25/07/17,420.2,2687.2,63.6,196.9,219.1,15.5,0.3,43.6,43,0.2,8.1,31.3,1.4,6.7,0.2,5.6,3.4
"Jul 26, 2017",26/07/17,404.5,2620.3,64.4,198,211.8,15.2,0.3,43,44,0.2,7.7,29.3,1.3,6.5,0.2,5.2,3.1
"Jul 27, 2017",27/07/17,386.1,2592.6,63.8,194.7,205,14.8,0.3,42.2,43.9,0.2,7.4,27.3,1.3,6.2,0.2,5,2.8
"Jul 28, 2017",28/07/17,385.8,2670.1,65.7,191.4,200.5,14.5,0.3,41.7,45,0.2,7.3,26.7,1.3,6.1,0.2,4.9,2.8
"Jul 29, 2017",29/07/17,392.1,2735.7,66.4,188.3,201.1,14.4,0.3,41.3,44.4,0.2,7.4,26.3,1.3,5.9,0.2,4.9,2.9
"Jul 30, 2017",30/07/17,378.8,2764.2,65.3,181.2,199,14.1,0.3,40.7,42.5,0.2,7.2,25.9,1.2,5.7,0.2,4.9,2.9
"Jul 31, 2017",31/07/17,341.6,2786.3,64.2,178.9,202.5,14.1,0.3,41.5,41.1,0.2,7.2,25.9,1.2,5.8,0.2,5,2.8
"Aug 01, 2017",01/08/17,340,2783.6,60,178.7,209.5,14.1,0.3,42.2,41.2,0.2,7.4,26,1.3,6,0.2,5.3,2.8
"Aug 02, 2017",02/08/17,375.7,2768.1,61.2,182.1,216.9,14.4,0.3,42.7,42.5,0.2,7.8,25.9,1.3,6.3,0.2,5.5,3.1
"Aug 03, 2017",03/08/17,398.9,2744.6,62.2,184.9,224,14.9,0.3,42.7,43.7,0.2,8.9,26.5,1.6,6.9,0.2,5.8,3.5
"Aug 04, 2017",04/08/17,349.9,2803.8,68.4,185.6,222.8,15.1,0.3,42.8,44,0.2,9.7,26.7,2,7.4,0.2,6.1,3.7
"Aug 05, 2017",05/08/17,270.1,2984.5,73.1,189.3,235,15.4,0.4,44.4,45.7,0.2,11.7,27.7,2.8,8.4,0.2,6.6,3.9
"Aug 06, 2017",06/08/17,222.3,3120.9,76.4,190,247.1,15.4,0.4,45.1,47.2,0.2,13.2,28.1,3,9.2,0.2,6.8,4.4
"Aug 07, 2017",07/08/17,251.2,3281.9,80.5,193.4,262.4,15.5,0.4,45.9,48.9,0.3,16,28.5,3.2,10.7,0.2,7.2,5.1
"Aug 08, 2017",08/08/17,295.3,3337.6,83,196.7,275.8,15.5,0.5,46.5,50,0.3,17.4,28.1,3.2,11.4,0.2,7.4,5.4
"Aug 09, 2017",09/08/17,323,3380.5,85.2,200.1,287.3,15.5,0.5,47.5,51,0.3,19.6,28.4,3.4,12.2,0.2,7.7,5.4
"Aug 10, 2017",10/08/17,308.4,3381.2,88,201.3,296.2,15.5,0.6,47.7,50.8,0.3,25.4,27.9,4.3,13.3,0.2,7.8,5.4
"Aug 11, 2017",11/08/17,302.7,3458.1,92.1,202,300.3,15.2,0.6,47.2,50.4,0.3,30.5,29.8,5.5,14.4,0.2,7.7,5.5
"Aug 12, 2017",12/08/17,307.1,3638.9,98.4,204.1,305.1,15.1,0.6,46.7,49.8,0.3,35.4,34.5,6.4,14.8,0.2,7.4,5.4
"Aug 13, 2017",13/08/17,314.5,3869.5,102.3,203.1,305.8,14.8,0.7,46.4,49.3,0.3,38.9,37.9,6.8,14.6,0.2,7,5.1
"Aug 14, 2017",14/08/17,304.3,4094.4,106.9,201,302.9,14.4,0.8,46,49,0.3,43.6,38.3,6.7,14.7,0.2,6.5,4.9
"Aug 15, 2017",15/08/17,297.9,4193.4,109.4,200.4,296,14,0.9,45,48.7,0.3,47.2,34.2,6.9,15,0.2,6.2,4.8
"Aug 16, 2017",16/08/17,298.6,4294.6,114.8,211.7,297.4,14,1,44.4,49.1,0.3,46.8,33.2,7.5,14.7,0.2,6.1,4.8
"Aug 17, 2017",17/08/17,352.9,4296.8,116.5,223.1,297.8,13.9,1,43.8,48.3,0.3,44.6,32.9,8,14,0.2,6.1,4.7
"Aug 18, 2017",18/08/17,483.7,4289.6,119.4,230,299.8,14,1,45.1,47.6,0.2,41.7,34.2,8.2,13,0.2,5.9,4.6
"Aug 19, 2017",19/08/17,635.1,4228.7,119.7,248.9,298.2,13.8,1,45.6,50,0.2,39.8,34.6,7.8,12.1,0.2,5.8,4.4
"Aug 20, 2017",20/08/17,719.2,4147.3,119.3,269.1,298.2,13.8,0.9,46.3,52.5,0.3,39,37.5,7.9,11.7,0.2,5.7,4.5
"Aug 21, 2017",21/08/17,689,4094.4,117.6,287.5,306.8,14,0.9,46.5,62.8,0.3,37.8,37.3,8,11.6,0.2,5.6,4.6
"Aug 22, 2017",22/08/17,667.8,4063.3,117.7,288.4,312.6,14.3,0.9,47,74.6,0.3,36.4,37.6,7.9,11.4,0.2,5.6,4.6
"Aug 23, 2017",23/08/17,653.3,4084.6,121.4,287.9,318,14.7,0.9,49.3,86.4,0.3,37.1,35.6,7.8,11.4,0.2,5.7,4.5
"Aug 24, 2017",24/08/17,662.8,4195.6,125.2,299.8,319.3,14.9,0.9,50.1,89.3,0.3,39.3,35.8,8.1,12.2,0.2,5.9,4.7
"Aug 25, 2017",25/08/17,646.2,4285.9,118.6,307.9,325,15.2,0.9,51.5,95,0.3,40.8,35.7,8.3,13,0.2,6,5
"Aug 26, 2017",26/08/17,631.5,4352.9,114.7,343.7,330.5,15.2,0.9,51,110.9,0.3,40.3,35.2,8.3,14.2,0.2,6.1,5.2
"Aug 27, 2017",27/08/17,629.1,4369,110.7,359.5,337.9,15.5,0.9,54.7,125.7,0.3,39.7,35.2,8.3,14.8,0.2,6.4,5.3
"Aug 28, 2017",28/08/17,614.1,4372.6,116.6,373.2,343.2,15.7,0.9,58.4,138,0.3,39,35.5,8.4,15.8,0.2,6.8,5.3
"Aug 29, 2017",29/08/17,590,4448.2,120.7,359.7,355.4,15.9,0.9,62.2,136.4,0.3,37.4,35.5,8.8,17,0.2,7.1,5.3
"Aug 30, 2017",30/08/17,574.8,4509,127.7,361.6,365.6,15.7,0.9,63.2,136.9,0.3,35.1,35.6,9.7,17.4,0.2,7.2,5.4
"Aug 31, 2017",31/08/17,572.1,4615.9,133.3,368.7,377.4,15.9,0.8,66.1,135.3,0.3,33.3,35.5,10.8,17.8,0.2,7.2,5.6
"Sep 01, 2017",01/09/17,595.2,4720.2,137.6,380,383.1,18,0.8,73.8,138,0.3,32.8,34.6,11.6,17.5,0.2,7.3,5.7
"Sep 02, 2017",02/09/17,595.4,4724.7,136,373.9,373.3,19.5,0.8,78.7,135.5,0.3,32.3,31.8,11.5,17.3,0.2,7,5.6
"Sep 03, 2017",03/09/17,601.8,4684.6,134.4,366.6,361.4,20.2,0.7,80.6,130.7,0.3,31.4,28.9,11.1,16.6,0.2,6.7,5.4
"Sep 04, 2017",04/09/17,566.9,4466,125.5,340.9,330.5,18.2,0.7,73.7,119,0.3,28,25,10,14.2,0.2,6.2,5
"Sep 05, 2017",05/09/17,555.5,4398.6,124.8,333.2,318.5,17,0.6,71.1,117,0.3,25,23.1,10.1,12.7,0.2,6.1,4.9
"Sep 06, 2017",06/09/17,565.7,4403.3,126.6,330.2,314.2,17.1,0.6,72.2,115.5,0.3,22,21.5,10.5,11.4,0.2,6,4.9
"Sep 07, 2017",07/09/17,610.9,4524.5,134.4,339.4,325.6,17.8,0.7,76.6,120.4,0.3,25,21.8,11.8,12.6,0.2,6.1,5
"Sep 08, 2017",08/09/17,624.7,4475.3,134,341.4,320.1,17.3,0.6,75.5,120.2,0.3,25.7,21,12,13.2,0.2,6,4.9
"Sep 09, 2017",09/09/17,594.5,4351.6,132,333.4,306.8,16,0.6,70.8,118.4,0.3,25.9,21.2,12.2,13.9,0.2,5.9,4.6
"Sep 10, 2017",10/09/17,555.9,4192.6,127.1,325.5,293.2,14.6,0.5,65.1,115.5,0.3,23.2,21.1,11.7,13.2,0.2,5.8,4.5
"Sep 11, 2017",11/09/17,540.8,4170.1,126.2,320.5,292.6,14.4,0.5,64.6,113.8,0.3,22.2,21.1,11.6,13.5,0.2,5.7,4.4
"Sep 12, 2017",12/09/17,528.4,4138.3,124,321.5,291.6,14.2,0.5,64,112.3,0.3,21.9,19.8,11.4,13.5,0.2,5.7,4.4
"Sep 13, 2017",13/09/17,517.3,4058.2,121.7,315.2,287.7,14.4,0.6,64,112,0.2,21,18.4,11.2,13.2,0.2,5.4,4.2
"Sep 14, 2017",14/09/17,460.4,3722.8,112.1,287.8,260.8,12.6,0.5,55.8,102.1,0.2,18.9,16.5,10.1,11,0.2,4.8,3.8
"Sep 15, 2017",15/09/17,431.6,3558.4,108,274,247.2,11.2,0.5,50.5,98.1,0.2,18.2,15.9,9.5,9.3,0.2,4.5,3.6
"Sep 16, 2017",16/09/17,410.4,3472.5,105.9,273.2,237,9.8,0.5,46,92.7,0.2,18.4,15.3,9.3,8.1,0.2,4.3,3.5
"Sep 17, 2017",17/09/17,428,3615.1,109.3,299,249.6,10.1,0.5,48.3,96.3,0.2,19.8,16.4,9.9,8.3,0.2,4.5,3.7
"Sep 18, 2017",18/09/17,446.5,3757.7,112.9,315.2,263.9,10.6,0.5,50.8,96.5,0.2,20.6,16.4,10.3,8.7,0.2,4.7,3.9
"Sep 19, 2017",19/09/17,475.7,3857.7,115.5,323.7,276,11.1,0.6,52.3,97.3,0.2,20.3,16.4,10.3,8.9,0.2,4.9,4
"Sep 20, 2017",20/09/17,494.4,3965.4,119,333.2,286.7,11.5,0.6,53.4,98,0.2,20.3,15.9,10,9.1,0.2,5,4.2
"Sep 21, 2017",21/09/17,473.4,3820.7,114.5,332.2,275,10.9,0.5,50.4,93.2,0.2,19,14.7,9,8.4,0.2,4.5,4
"Sep 22, 2017",22/09/17,435.8,3722.6,111.9,339.7,268.9,10.5,0.5,48.8,90,0.2,18.6,13.9,8.6,7.9,0.2,4.2,3.8
"Sep 23, 2017",23/09/17,420,3684.7,110.5,342.5,269.7,10.3,0.5,48,88.8,0.2,18.8,13.4,8.6,7.7,0.2,4.1,3.8
"Sep 24, 2017",24/09/17,421.5,3702,111,343.1,277.7,10.4,0.5,48.3,89.8,0.2,19.6,14.1,8.8,7.9,0.2,4,3.9
"Sep 25, 2017",25/09/17,431.8,3800.4,113.6,342.6,287,10.6,0.5,49.5,91.7,0.2,22,14.9,9.2,8.5,0.2,4.2,4.1
"Sep 26, 2017",26/09/17,436.2,3833.8,115.1,338.7,287.4,10.8,0.5,50.2,92.1,0.2,24.1,15.3,9.5,8.9,0.2,4.2,4.3
"Sep 27, 2017",27/09/17,448.3,4006.4,120.5,343.5,295.4,11.6,0.5,53.1,95.9,0.2,28.1,15.8,10,9.5,0.2,4.5,4.7
"Sep 28, 2017",28/09/17,449,4089.3,125.1,341.3,297.7,12.2,0.6,54,97.1,0.2,29.3,15.8,10.2,9.7,0.2,4.7,4.9
"Sep 29, 2017",29/09/17,447.3,4179.5,129.2,337.5,299,12.6,0.6,54.3,97.6,0.2,30.1,15.7,10.2,9.9,0.2,4.7,5
"Sep 30, 2017",30/09/17,439.1,4225.5,132.5,331,297.4,12.7,0.6,53.9,95.8,0.2,30.9,14.9,10.1,10.4,0.2,4.6,4.9
"Oct 01, 2017",01/10/17,428.2,4301.8,135.2,323.5,298.4,12.7,0.6,54.1,94.5,0.2,32.9,15.2,9.9,11.2,0.2,4.3,5
"Oct 02, 2017",02/10/17,423,4383.9,138.2,317.2,300.4,12.7,0.6,54.4,93.5,0.2,35.6,15.2,9.7,11.9,0.2,4.2,5
"Oct 03, 2017",03/10/17,413.5,4376.8,138.3,306.9,297.4,12.5,0.6,53.4,92.6,0.2,35.4,15,9.4,12.1,0.2,4,4.8
"Oct 04, 2017",04/10/17,394.6,4318.7,136.9,303.5,294.2,12.3,0.6,52.4,91.6,0.2,33.8,14.2,9,11.9,0.2,3.8,4.8
"Oct 05, 2017",05/10/17,372.8,4291.8,136.9,302.4,293.7,12.1,0.5,51.8,91.7,0.2,32.3,14,8.9,11.9,0.2,3.7,4.9
"Oct 06, 2017",06/10/17,359.1,4309.5,138.6,305.9,299,12.1,0.5,51.7,91.2,0.2,32.3,14.3,8.7,11.7,0.2,3.6,4.9
"Oct 07, 2017",07/10/17,359.8,4375.4,141.7,307.6,305.2,12.2,0.5,52.1,91.6,0.2,34,14.6,8.7,11.8,0.2,3.7,5
"Oct 08, 2017",08/10/17,355.3,4469.4,144.8,306.6,309.4,12.2,0.5,52.6,90.9,0.2,33.9,13.9,8.3,11.6,0.3,3.7,4.8
"Oct 09, 2017",09/10/17,339.1,4603.1,150.4,298.9,305.7,12,0.5,52,89,0.2,32.4,12.8,7.9,11.7,0.3,3.6,4.5
"Oct 10, 2017",10/10/17,326,4721.5,156.1,292.5,302,11.7,0.5,51.3,87.4,0.2,30.2,11.7,7.8,11.8,0.3,3.4,4.2
"Oct 11, 2017",11/10/17,316.9,4793.5,162.2,291.1,300.2,11.5,0.5,50.6,86.6,0.2,29.5,11.8,8.3,12.1,0.3,3.4,4.1
"Oct 12, 2017",12/10/17,316.6,5018.5,172,293.9,302.5,11.7,0.5,53.9,87.1,0.2,29.1,12,8.5,11.8,0.3,3.3,4
"Oct 13, 2017",13/10/17,316.5,5306.9,183.8,300.2,315.5,11.9,0.4,56.8,89.9,0.2,29.2,12.1,8.6,11.6,0.3,3.3,3.9
"Oct 14, 2017",14/10/17,318.9,5642,194.8,306.3,327.5,12.1,0.4,61.2,94.1,0.2,28.4,11.8,8.2,11.1,0.3,3,3.9
"Oct 15, 2017",15/10/17,319.5,5719.1,196.5,312.2,338.3,12.1,0.4,62.9,96.7,0.2,28.3,11.4,8.1,10.8,0.3,3,3.9
"Oct 16, 2017",16/10/17,316.9,5745.2,197.5,309.5,336.5,12,0.4,64.7,97,0.2,28,11.5,7.9,10.9,0.3,2.9,3.9
"Oct 17, 2017",17/10/17,333.4,5669.8,195.5,303.9,329,11.9,0.5,63.2,94,0.2,29.2,12.3,7.9,11.3,0.3,3,3.9
"Oct 18, 2017",18/10/17,341.5,5640.6,196.3,299.8,321.6,11.8,0.5,61.6,92.2,0.2,29.9,13.5,7.9,11.7,0.2,3.1,4
"Oct 19, 2017",19/10/17,347.2,5634.9,196.4,297.5,313.2,11.6,0.5,60,89.8,0.2,29.9,14.2,7.9,11.9,0.2,3.1,4
"Oct 20, 2017",20/10/17,332.5,5770.2,202.9,294,308.8,11.4,0.4,60.3,89.6,0.2,28.7,14.4,7.7,11.6,0.2,3.1,3.9
"Oct 21, 2017",21/10/17,327.2,5917.2,207.9,287.5,304.1,11.2,0.4,59.4,89.1,0.2,27.8,13.8,7.5,11.4,0.2,3,3.7
"Oct 22, 2017",22/10/17,327.5,6017.2,209.6,280.9,299.9,11,0.4,58.4,88.4,0.2,27.9,13,7.4,10.9,0.2,3,3.6
"Oct 23, 2017",23/10/17,323.5,5990.1,204.7,279.3,294.2,10.7,0.4,56.6,86.6,0.2,27.8,12.2,7.5,10.5,0.2,3.2,3.6
"Oct 24, 2017",24/10/17,324.7,5821.8,199.1,284.4,293.6,10.6,0.4,55.9,86.7,0.2,28.8,12.3,7.8,10.4,0.2,3.5,3.7
"Oct 25, 2017",25/10/17,324.9,5735.9,199.5,288.9,294.4,10.5,0.4,55.8,87.2,0.2,28.7,12.5,7.8,10.5,0.2,4.1,3.7
"Oct 26, 2017",26/10/17,332.4,5727.4,205.5,289.5,297.6,10.6,0.4,56.1,88.4,0.2,29,12.6,7.8,10.7,0.2,4.4,3.7
"Oct 27, 2017",27/10/17,346,5812.2,211.8,285.2,297.3,10.5,0.4,55.9,87.8,0.2,28.5,12.3,7.6,10.5,0.2,4.6,3.6
"Oct 28, 2017",28/10/17,376.4,5812.9,213.7,280.8,296.7,10.5,0.4,55.3,87.2,0.2,28.1,12.2,7.4,10.4,0.2,4.4,3.5
"Oct 29, 2017",29/10/17,414.3,5895.9,217.2,280,299.6,10.6,0.4,55.7,87.2,0.2,28,12,7.3,10.3,0.2,4.2,3.5
"Oct 30, 2017",30/10/17,441.2,6012.5,222.4,281.9,303,10.8,0.4,56.1,87.9,0.2,28,12.2,7.2,10.3,0.2,4.1,3.5
"Oct 31, 2017",31/10/17,446.4,6250.9,231.6,283,306.2,10.8,0.4,56.4,88.4,0.2,28.3,12,7.1,10.4,0.2,3.7,3.4
"Nov 01, 2017",01/11/17,473,6455.4,239.5,278.9,301.8,10.6,0.4,55.1,87.4,0.2,28,11.7,6.7,10.3,0.2,3.4,3.2
"Nov 02, 2017",02/11/17,519.4,6771.4,251.2,272,295,10.4,0.4,54.6,85.7,0.2,26.6,10.6,6.4,10.1,0.2,3.1,3.1
"Nov 03, 2017",03/11/17,581.5,7017.9,261.8,271.8,294.9,11.1,0.4,54.7,85.8,0.2,26.1,10.9,6.3,10,0.2,3,3.3
"Nov 04, 2017",04/11/17,611,7222.1,271,272.9,297.9,11.6,0.4,55.3,86.3,0.2,25.9,11.2,6.5,10.1,0.2,3,3.5
"Nov 05, 2017",05/11/17,625.5,7331.7,275.4,275.5,300.8,12.6,0.4,55.3,87.2,0.2,26.6,11.6,6.5,10.2,0.2,3.1,3.6
"Nov 06, 2017",06/11/17,617.9,7270,271.6,274.5,298.5,13.2,0.4,55,92.2,0.2,26.4,11.1,6.4,10.2,0.2,3,3.5
"Nov 07, 2017",07/11/17,616.6,7191.5,269.1,280.7,296.6,13.8,0.4,57.1,96.3,0.2,26.3,10.8,6.4,10.6,0.2,3,3.6
"Nov 08, 2017",08/11/17,613.8,7208.9,272.2,295.1,300.9,14.1,0.4,59.7,105.3,0.2,27.7,10.9,6.8,11.2,0.2,3.2,3.9
"Nov 09, 2017",09/11/17,631,7249.2,276.8,311.9,308.2,14,0.5,62.7,111.3,0.2,29.6,11.3,7.4,11.7,0.2,3.4,4.4
"Nov 10, 2017",10/11/17,761.4,7073.8,270.9,324,309.7,14.3,0.5,62,113.2,0.2,30.2,11.3,7.6,11.7,0.2,3.5,4.6
"Nov 11, 2017",11/11/17,1000.7,6706.4,256.2,333.9,311.6,16.1,0.6,61.9,115.3,0.2,29.5,11.2,7.4,11.6,0.2,3.4,4.4
"Nov 12, 2017",12/11/17,1245.6,6308.6,237.7,403.9,307.3,16.4,0.6,60.2,116.4,0.2,27.9,10.3,7,11.4,0.2,3.1,4
"Nov 13, 2017",13/11/17,1361.1,6289.1,237.2,436.5,313.1,16.9,0.6,60.9,122.3,0.2,28,10.4,7.2,11.4,0.2,3.1,4.1
"Nov 14, 2017",14/11/17,1338.8,6381.8,241.8,463.7,320.8,16.4,0.6,61,123.2,0.2,28.4,10.6,7.3,11.4,0.2,3.2,4.4
"Nov 15, 2017",15/11/17,1280,6836.9,260.1,426.4,329.2,17.2,0.7,62.6,122.4,0.2,29.2,11.5,7.7,11.6,0.2,3.5,4.8
"Nov 16, 2017",16/11/17,1128.9,7274.3,277.2,423.4,334,17.4,0.7,65.9,121.3,0.2,29.3,11.6,7.6,12.1,0.2,3.6,4.9
"Nov 17, 2017",17/11/17,1099.6,7632.1,291.1,422.5,332.2,17.2,0.8,67.5,122.8,0.2,32.8,11.4,7.5,12.7,0.2,3.5,4.9
"Nov 18, 2017",18/11/17,1113.6,7790.3,298.3,432.6,337,17.3,0.8,69.4,125.9,0.2,37.3,11,7.6,13.4,0.2,3.4,4.9
"Nov 19, 2017",19/11/17,1204,7845.2,294.9,440.7,344.8,17.6,0.8,69.6,129,0.2,41,11.1,7.8,13.8,0.2,3.4,5.1
"Nov 20, 2017",20/11/17,1220.9,8009.1,294.7,461.2,356.2,18,0.9,71.2,132,0.2,39.4,11.3,7.9,14.3,0.2,3.5,5.2
"Nov 21, 2017",21/11/17,1195,8102.8,294.4,474.4,360.5,18,0.9,71.3,135.7,0.2,36.6,11.6,7.8,14.3,0.2,3.5,5.2
"Nov 22, 2017",22/11/17,1238.8,8175.2,296.6,519.9,369.3,18.1,0.9,71.4,147.8,0.2,35.3,11.9,7.9,14.4,0.2,3.6,5.2
"Nov 23, 2017",23/11/17,1388,8121.2,294.4,546.6,383.7,18,0.9,71.7,155.4,0.2,35,12.4,7.8,14.1,0.2,3.7,5.2
"Nov 24, 2017",24/11/17,1545.2,8182,295.4,570.7,421.9,19.2,0.8,74.4,161.5,0.2,35.2,12.9,7.8,14.2,0.2,4,5.2
"Nov 25, 2017",25/11/17,1634.5,8361.1,297.2,592.3,450.5,20.5,0.8,80,162.4,0.2,35.9,13.7,8,14.3,0.2,4.3,5.3
"Nov 26, 2017",26/11/17,1651.8,8791.7,300.6,610.6,470.8,21.8,0.8,84.2,163.9,0.2,37.1,14.7,8.3,14.6,0.2,4.5,5.4
"Nov 27, 2017",27/11/17,1643.2,9313.3,301.7,632.5,472.7,23.2,0.9,88.8,168.4,0.2,38.9,15.5,8.9,14.7,0.3,4.9,5.6
"Nov 28, 2017",28/11/17,1634.8,9735.9,295.4,626.8,474.9,27.3,1.1,91.2,180,0.2,38.9,15.6,9.1,15,0.3,5.5,5.8
"Nov 29, 2017",29/11/17,1509.5,9921.9,285.3,645.4,460.3,28.4,1.3,91.1,181.6,0.2,36.8,16.5,8.9,14.2,0.3,5.6,5.6
"Nov 30, 2017",30/11/17,1431.9,10060.3,280.3,696.9,449.2,29.2,1.4,90,183.8,0.2,34.4,20.9,8.5,13.6,0.3,5.6,5.3
"Dec 01, 2017",01/12/17,1404.1,10365.9,292.5,753.9,447.1,28.3,1.3,91,179.7,0.2,33.7,26.2,8.3,12.9,0.2,5.3,5.3
"Dec 02, 2017",02/12/17,1429.1,10761.3,309.1,787.6,459,30.1,1.4,95.9,191.4,0.2,34.6,29.3,8.8,13,0.3,5.6,5.6
"Dec 03, 2017",03/12/17,1485.9,11124.5,318,781.6,465.3,30.8,1.6,100.2,198,0.3,35.8,28.6,9.2,13.1,0.3,5.9,6
"Dec 04, 2017",04/12/17,1523.9,11351.7,320.6,773.8,466.5,30.6,2,101.9,204.4,0.3,38,27.5,9.7,13.3,0.3,6.5,6.3
"Dec 05, 2017",05/12/17,1546.2,11632.4,324.8,766.4,466.4,30.4,2.8,102.6,226.6,0.3,39.2,26.8,10,13.3,0.3,7,6.8
"Dec 06, 2017",06/12/17,1503,12621.8,343.9,743.5,454,29.5,3.7,102.3,252.8,0.3,38.7,25,9.7,12.9,0.2,7.5,7.5
"Dec 07, 2017",07/12/17,1421,14702.6,382.7,718.1,442.1,28.4,4.1,100.3,276.3,0.3,36.3,22.6,8.9,12.5,0.2,8,8.1
"Dec 08, 2017",08/12/17,1408.4,16253.5,408.7,708.2,439.7,28.2,4.5,107.8,278.8,0.4,35.4,21,8.3,12.4,0.2,8.5,8.5
"Dec 09, 2017",09/12/17,1401.7,16549.1,410.1,716.1,454.6,28.7,4.6,126.1,273.4,0.4,35.6,21.9,8.3,12.5,0.2,9,8.5
"Dec 10, 2017",10/12/17,1399.1,15734.3,385.7,713,457.1,28.5,4.6,142.9,261.5,0.5,35.1,22.3,8.3,12,0.2,9.1,9
"Dec 11, 2017",11/12/17,1385.5,15856.8,375.7,725.9,476.8,27.7,4.4,172.7,262.5,0.4,35,23.1,8.5,12.2,0.2,9.7,9.9
"Dec 12, 2017",12/12/17,1453.8,16602.5,380.5,795.4,536.1,28.2,4.4,226.3,277.7,0.5,36.5,23.1,9.1,13.1,0.3,10,11.9
"Dec 13, 2017",13/12/17,1548.7,16920.1,377.9,861.4,623.1,29.2,4.4,277.7,297.8,0.5,40.4,23.3,10,15.2,0.4,10.1,13.2
"Dec 14, 2017",14/12/17,1729.6,16795.9,375.8,920,683.3,30.7,4.2,299.4,313,0.6,45.3,23.2,10.8,17.5,0.6,9.8,14.1
"Dec 15, 2017",15/12/17,1796.4,16893,378.6,909.5,694.3,31.3,3.9,293.9,314.4,0.6,47.8,23,11.3,22.8,0.7,9.7,13.5
"Dec 16, 2017",16/12/17,1861.1,17922.8,409,947.7,692.2,32.9,3.8,292.7,321.6,0.6,49.5,23.3,12.5,26.7,0.8,10.2,13.4
"Dec 17, 2017",17/12/17,1826.7,18781.7,427.1,1002.6,700.2,33.9,3.8,305.8,330.3,0.6,55.3,24.4,13.9,29.7,0.7,10.7,13.3
"Dec 18, 2017",18/12/17,1953.8,19250.8,438.4,1091.5,736.9,36.3,3.9,325.3,353.4,0.7,65,26.3,16.1,36.8,0.8,11.6,14.2
"Dec 19, 2017",19/12/17,2288.5,18677.2,415.1,1153.2,780.5,38.2,4.5,342.4,370,0.8,72,27.5,17.4,49.7,0.8,12,15
"Dec 20, 2017",20/12/17,2975.2,17838.5,393.4,1301.5,813.5,41.2,4.9,341.1,409.3,0.9,74.6,27.9,18.1,61.1,0.8,11.9,15.6
"Dec 21, 2017",21/12/17,3332,16734.7,363.6,1390.8,822.3,42.1,5.2,327.4,421.5,1,72.6,28.2,17.7,64.5,0.9,12,15.7
"Dec 22, 2017",22/12/17,3295.6,15419.8,331,1388.2,771.7,39,4.5,299,411.1,0.9,67.5,26.7,15.9,58.4,1,11.3,14.6
"Dec 23, 2017",23/12/17,3073.6,14778,306.3,1296.4,738.4,35.3,4,290.2,382,0.9,61.9,26.3,14.8,56.3,1.2,12,14.3
"Dec 24, 2017",24/12/17,2952.3,14152.3,273.3,1213.1,696.1,31.5,3.5,276.4,355.1,0.9,58.1,25.5,13.9,53.5,1.1,12.5,13.5
"Dec 25, 2017",25/12/17,3038.3,14217.2,250,1212,726.5,32,3.5,279.2,360,1,61.6,29.3,14.8,56.3,1.1,14.3,14.1
"Dec 26, 2017",26/12/17,2988.9,14684.1,286.5,1194.5,744.6,32,3.6,278.6,359.8,1,63.8,31.3,15.1,55.9,1.1,14.8,14.1
"Dec 27, 2017",27/12/17,2984.4,15321.6,346.5,1196.2,767.5,32.5,3.7,277.4,388.1,1,66.2,33.7,15.3,56.1,1.2,14.7,14
"Dec 28, 2017",28/12/17,2855,15514.9,409.7,1191.1,757.9,31.5,3.7,269.5,394.1,0.9,65.9,33.6,15.1,55.4,1.3,14.3,13.5
"Dec 29, 2017",29/12/17,2745.4,15033.7,431.5,1166.1,751.2,30.6,3.7,255.9,392.7,1,68.7,34,15.4,56.4,1.7,14.4,13.3
"Dec 30, 2017",30/12/17,2579.7,14071.6,419.1,1106.7,736,28.8,3.6,238.1,362.4,1,70.6,32,15.9,58.5,1.9,14.1,12.7
"Dec 31, 2017",31/12/17,2568.5,13921.6,422.3,1070.4,742.5,28.3,3.5,232.2,352.4,1,74.1,31.6,17.5,60.5,2.2,14.1,12.7
"Jan 01, 2018",01/01/18,2452.7,13588.6,396.3,1039,748.9,29.7,3.6,226.7,346.3,1,75.7,33.9,18.6,61.3,2.3,14.2,12.3
"Jan 02, 2018",02/01/18,2558.8,14265.2,411,1107.8,804.6,32.4,3.8,238.9,363.8,1.1,81.7,36.8,19.8,61.3,2.4,15.3,12.8
"Jan 03, 2018",03/01/18,2584.1,14613.4,420.5,1147.5,873.3,34.6,4,243.4,384.8,1.3,91.6,38.5,20.1,60.2,2.7,16.2,13
"Jan 04, 2018",04/01/18,2583.3,15260.8,434.9,1206.1,942.7,35.4,4.1,247.5,399.5,1.5,98.3,37.7,20.3,59.1,2.9,16.4,13
"Jan 05, 2018",05/01/18,2541.1,16076.6,426.3,1184.3,980.5,35.8,4,245.3,400,1.7,100,35.7,19.7,59.8,3.1,16.1,12.5
"Jan 06, 2018",06/01/18,2600.4,16851.9,426.9,1215.7,1006.8,37,3.9,262.4,413.6,1.6,98.4,33.8,19.3,71.6,3.1,15.8,12.5
"Jan 07, 2018",07/01/18,2719.3,17144.7,409.7,1234.3,1064.2,38.5,3.9,278.1,432.3,1.7,99.5,35.3,20.8,81,3.2,16.1,12.6
"Jan 08, 2018",08/01/18,2665,16391.6,396.1,1212.7,1114.5,37.8,4,280.2,439.1,1.7,101.9,41,22.5,78.8,3,18.3,13.1
"Jan 09, 2018",09/01/18,2533.3,15414.4,364,1161.7,1200.5,37.8,3.8,263.7,425.9,1.7,110.6,45.2,24.5,65,2.6,19.4,13.2
"Jan 10, 2018",10/01/18,2569.5,14912.9,347.4,1102,1234.7,36.5,3.7,251.1,408.7,1.5,117.4,47.6,24.2,54.4,2.2,20.2,13.1
"Jan 11, 2018",11/01/18,2583.2,14324.8,327.6,1075.4,1236.8,36,3.6,242.3,392.2,1.4,119.4,45.3,23.4,51,2,18.3,12.1
"Jan 12, 2018",12/01/18,2659.7,14119.9,317.5,1056.4,1228,35.4,3.6,238.9,386,1.4,118.6,44.9,22.6,50.1,2,18,11.6
"Jan 13, 2018",13/01/18,2589.6,13915.5,314.4,1054.3,1274.8,37.2,3.7,241.8,390.1,1.4,124.5,46,23.4,50.3,2,18.2,11.3
"Jan 14, 2018",14/01/18,2619.9,14037.6,311.5,1056.4,1345.5,40.6,3.8,244.9,404.8,1.4,145.2,47.4,24.1,53.1,2,19.5,11.4
"Jan 15, 2018",15/01/18,2546.7,13984,289.1,1017.8,1351.7,41.9,3.7,243.5,411.4,1.4,166.1,45.8,24,53.8,1.9,20.2,11.2
"Jan 16, 2018",16/01/18,2242.3,13027.4,189.6,904.3,1237.5,37.3,3.3,219.9,378,1.3,167.7,38.1,21.2,47.6,1.6,18.6,10.1
"Jan 17, 2018",17/01/18,1973.9,12166.3,99.3,830.8,1120,32.7,2.9,202.5,351.3,1.1,158,32.2,19.3,41.7,1.4,16.8,9.1
"Jan 18, 2018",18/01/18,1759,11384.7,26.5,796.2,1034.7,29.3,2.7,189.2,318.6,1,143.1,30.2,17.7,36.6,1.4,14.8,8.4
"Jan 19, 2018",19/01/18,1758.1,11423.6,29.8,825.1,1029.9,30.3,2.7,190.8,333.4,1.1,141.2,31.7,18.1,37.7,1.5,14.7,8.5
"Jan 20, 2018",20/01/18,1852.8,11993.8,29.5,869.3,1076.8,32.3,2.8,198.9,355,1.1,144,33.6,18.6,42.6,1.6,15.2,9
"Jan 21, 2018",21/01/18,1859.5,12035.6,22.9,863.5,1081.3,32.3,2.8,198.1,364.5,1.1,140.2,31.8,18.4,44.4,1.5,14.7,8.9
"Jan 22, 2018",22/01/18,1810.2,11810.2,18.8,835.9,1069.3,31.5,2.7,193.8,348.3,1.1,134.9,29.8,17.4,44.7,1.4,13.7,8.7
"Jan 23, 2018",23/01/18,1673.3,11133.3,16.9,779.6,1013,29.3,2.6,182.7,323.1,1,125.5,27.4,16.2,40.6,1.4,12.5,8.3
"Jan 24, 2018",24/01/18,1627.5,11053.1,15.4,765.2,1016.1,29.1,2.5,179.3,313.9,1,127.2,27.6,16.5,39.9,1.4,12.3,8.4
"Jan 25, 2018",25/01/18,1634.2,11162.4,14,776,1033.7,29.1,2.4,179.4,314.3,1,132,27.8,17.3,40.1,1.3,12.6,8.7
"Jan 26, 2018",26/01/18,1628.4,11263.4,12.3,784.4,1056.7,29.2,2.4,179,319.4,0.9,137.4,27.6,17.5,40.3,1.3,12.9,8.9
"Jan 27, 2018",27/01/18,1624.9,11290.5,11.4,784,1072.8,29.2,2.4,179.3,320.7,0.9,138.7,27.7,16.8,40,1.3,13.5,9
"Jan 28, 2018",28/01/18,1659.6,11466.1,10,789.5,1136.1,30.4,2.4,183.8,325.7,1,143.4,28.3,16.6,41,1.3,14.1,9.1
"Jan 29, 2018",29/01/18,1677.3,11507.8,8.6,784.6,1178.5,31.4,2.5,185.5,323.4,1,153.5,28.4,16.7,42.2,1.3,14.6,9
"Jan 30, 2018",30/01/18,1624.6,11063,7.1,752.3,1166.5,30.6,2.4,180.3,307.6,0.9,155.5,26.4,16.3,41.5,1.3,13.8,8.5
"Jan 31, 2018",31/01/18,1538.2,10541.3,7.2,714,1123.9,29.2,2.4,170.1,287.8,0.8,153.4,23.7,15.9,41,1.2,13,8
"Feb 01, 2018",01/02/18,1410.6,9832.6,7.9,663.8,1075.4,27,2.1,157,262.6,0.7,139.3,21.1,14.9,38.4,1.1,11.5,7.3
"Feb 02, 2018",02/02/18,1317.5,9407.5,8.1,633.8,1023.6,25.6,2,145.7,249.8,0.7,130.6,19.5,14.3,36,1,10.6,6.9
"Feb 03, 2018",03/02/18,1246,9058.7,7.4,613.8,972.2,24.1,1.9,144.6,242.7,0.6,123,18.9,13.8,32,0.9,9.7,6.5
"Feb 04, 2018",04/02/18,1209.7,8760.9,6.2,591.4,904.8,22.8,1.8,146.6,236.1,0.6,116.8,17.8,13.1,28.8,0.9,9,6.2
"Feb 05, 2018",05/02/18,1108.4,8135.7,5.4,546.3,832.2,20.6,1.7,144.5,217.4,0.5,104.3,16.4,11.8,25.6,0.8,7.9,5.6
"Feb 06, 2018",06/02/18,1009.1,7662.1,5.1,510,775.3,19,1.6,138.8,204.3,0.5,98.6,14.8,10.9,23.6,0.8,7,5.1
"Feb 07, 2018",07/02/18,940,7443.5,4.1,500.6,749.4,18,1.6,135.5,199.7,0.5,96.9,14.8,10.5,22.1,0.7,6.5,4.9
"Feb 08, 2018",08/02/18,1072.3,7880.3,3.5,551.8,789.3,19.8,1.7,143.6,222.3,0.6,107,15.5,11.4,24.1,0.8,6.9,5.2
"Feb 09, 2018",09/02/18,1184.9,8208,2.3,588.3,819.6,22,1.8,150.5,238.3,0.6,110.8,15.8,12,26.5,0.8,7.3,5.5
"Feb 10, 2018",10/02/18,1284.7,8541.5,2.3,625.6,854,24.1,1.9,156.3,252.6,0.6,113.5,17,12.5,29.3,0.9,7.8,5.8
"Feb 11, 2018",11/02/18,1262.4,8496.3,2.3,617.3,853,24.9,1.8,156.2,246.6,0.6,110.5,18,12.5,29.6,1,7.7,5.7
"Feb 12, 2018",12/02/18,1253,8559.5,2.5,611.6,847.9,26.2,1.8,155.4,242.4,0.6,109.1,19.9,12.4,29.3,1.1,7.6,5.6
"Feb 13, 2018",13/02/18,1244.5,8551.6,2.8,598.7,842.9,29.3,1.8,156.7,237.2,0.5,109.3,20.2,12.6,29.2,1,7.6,5.6
"Feb 14, 2018",14/02/18,1292.7,9006.5,3.3,631.7,879.2,33,1.9,178.2,253,0.6,115.6,21.4,13.8,30.9,1.1,8.4,5.9
"Feb 15, 2018",15/02/18,1323.4,9419.8,3.6,659.4,901.9,34.5,2,199.4,271.5,0.6,119,21.5,15.1,31.9,1.1,8.9,6.7
"Feb 16, 2018",16/02/18,1430.1,9965,4,693.9,934.9,34.9,2.1,223,292.1,0.6,124.9,21.8,16.8,32.9,1.1,9.5,7.5
"Feb 17, 2018",17/02/18,1493.1,10504.3,4.2,715,951.8,34.8,2.1,228.3,308.5,0.6,129.6,22.2,17.7,33.2,1.2,9.6,7.9
"Feb 18, 2018",18/02/18,1530.3,10632.8,4,710.1,947.4,35,2.1,225.1,307.4,0.6,131,21.6,17.7,32.6,1.2,9.5,7.8
"Feb 19, 2018",19/02/18,1524.5,10963.3,4,720.1,947.3,36.4,2.1,222.8,314.1,0.6,133.9,22.7,17.5,32.5,1.2,9.7,7.8
"Feb 20, 2018",20/02/18,1480.3,11060.3,3.7,701,921.1,37.5,2,223.9,307,0.5,131.1,22.9,17.6,31.7,1.1,9.4,7.9
"Feb 21, 2017",21/02/17,,0,0,0,0,0,,0,0,0,0,,,,0,0,0
"Feb 22, 2017",22/02/17,,0,0,0,0,0,,0,0,0,0,,,,0,0,0
"Feb 23, 2017",23/02/17,,1133.2,0.7,22.9,12.8,1.2,,3.8,12.7,0,0.1,,,,0,0.1,0.2
"Feb 24, 2017",24/02/17,,1152.6,0.8,24.5,12.9,1.2,,3.8,12.5,0,0.1,,,,0,0.1,0.2
"Feb 25, 2017",25/02/17,,1161.4,0.8,26.1,13.2,1.2,,3.8,12.2,0,0.1,,,,0,0.1,0.2
"Feb 26, 2017",26/02/17,,1160.9,0.8,27,13.7,1.2,,3.8,11.9,0,0.1,,,,0,0.1,0.2
"Feb 27, 2017",27/02/17,,1163,0.8,27.7,14.5,1.2,,3.8,11.9,0,0.1,,,,0,0.1,0.2
"Feb 28, 2017",28/02/17,,1175,0.8,29.6,15.2,1.2,,3.8,12,0,0.1,,,,0,0.1,0.2
"Mar 01, 2017",01/03/17,,1194.1,0.8,34.4,16.2,1.3,,3.8,12.2,0,0.1,,,,0,0.1,0.2
"Mar 02, 2017",02/03/17,,1217.8,0.8,39.2,17.4,1.3,,3.8,12.6,0,0.1,,,,0,0.1,0.2
"Mar 03, 2017",03/03/17,,1249.5,0.9,44.1,18.6,1.4,,3.9,13.1,0,0.1,,,,0,0.1,0.2
"Mar 04, 2017",04/03/17,,1260.4,0.9,44.4,19,1.4,,3.9,13.6,0,0.1,,,,0,0.1,0.2
"Mar 05, 2017",05/03/17,,1265.8,0.9,44.4,19.1,1.4,,3.9,14.3,0,0.1,,,,0,0.1,0.2
"Mar 06, 2017",06/03/17,,1265,0.9,44.1,19.2,1.4,,3.9,14.8,0,0.1,,,,0,0.1,0.2
"Mar 07, 2017",07/03/17,,1254.5,0.9,44.8,19.3,1.4,,3.9,14.7,0,0.1,,,,0,0.1,0.2
"Mar 08, 2017",08/03/17,,1215.5,0.9,44.8,18.4,1.4,,3.8,13.8,0,0.1,,,,0,0.1,0.2
"Mar 09, 2017",09/03/17,,1187.3,1.1,46.4,17.8,1.3,,3.8,13,0,0.1,,,,0,0.1,0.2
"Mar 10, 2017",10/03/17,,1151.7,1.4,47.9,17.9,1.3,,3.8,12.9,0,0.1,,,,0,0.1,0.2
"Mar 11, 2017",11/03/17,,1160.3,1.7,58.1,19.5,1.3,,3.8,13.6,0,0.1,,,,0,0.1,0.2
"Mar 12, 2017",12/03/17,,1171.3,1.8,66.8,21.4,1.4,,3.8,14.9,0,0.1,,,,0,0.1,0.2
"Mar 13, 2017",13/03/17,,1209.7,1.8,74.9,24.5,1.5,,3.9,16.5,0,0.1,,,,0,0.1,0.2
"Mar 14, 2017",14/03/17,,1231.1,1.8,80,26.9,1.6,,4,17.6,0,0.1,,,,0,0.1,0.3
"Mar 15, 2017",15/03/17,,1240.5,1.9,86,30.8,1.7,,4.1,18.3,0,0.1,,,,0,0.1,0.3
"Mar 16, 2017",16/03/17,,1225.8,1.9,91,36.7,1.9,,4.2,19.7,0,0.1,,,,0,0.1,0.3
"Mar 17, 2017",17/03/17,,1179.2,1.8,94.7,42.7,1.9,,4.2,21.3,0,0.1,,,,0,0.1,0.3
"Mar 18, 2017",18/03/17,,1087.3,1.7,99.4,42.4,1.9,,4.1,21.6,0,0.1,,,,0,0.1,0.3
"Mar 19, 2017",19/03/17,,1036.9,1.7,105.5,41.9,1.8,,4,21.9,0,0.2,,,,0,0.1,0.3
"Mar 20, 2017",20/03/17,,1021.6,1.7,105.8,40.8,1.9,,4,22,0,0.2,,,,0,0.1,0.3
"Mar 21, 2017",21/03/17,,1070.5,1.8,101.2,43.8,2.1,,4,22.4,0,0.2,,,,0,0.1,0.3
"Mar 22, 2017",22/03/17,,1074.6,1.8,99,43,2.3,,4,21.7,0,0.2,,,,0,0.1,0.3
"Mar 23, 2017",23/03/17,,1069.4,1.9,99.4,43.1,2.4,,4,21.5,0,0.2,,,,0,0.1,0.3
"Mar 24, 2017",24/03/17,,1008.4,2.4,100.1,46.4,2.4,,4,21.4,0,0.2,,,,0,0.1,0.3
"Mar 25, 2017",25/03/17,,983,2.8,97.7,49.3,2.3,,4,21,0,0.2,,,,0,0.1,0.3
"Mar 26, 2017",26/03/17,,959,3.1,95.1,51.6,2.3,,4.1,20.3,0,0.2,,,,0,0.1,0.3
"Mar 27, 2017",27/03/17,,995.1,3.1,91.2,50.5,2.2,,4.1,19.8,0,0.2,,,,0,0.2,0.3
"Mar 28, 2017",28/03/17,,1019.9,3.2,89.1,50.3,2.2,,4.1,19.7,0,0.2,,,,0,0.2,0.4
"Mar 29, 2017",29/03/17,,1044.3,3.3,86,51.2,2.2,,4.1,20.2,0,0.2,,,,0,0.2,0.4
"Mar 30, 2017",30/03/17,,1037.8,3.4,84,52,2.5,,5.1,20.6,0,0.2,,,,0,0.2,0.4
"Mar 31, 2017",31/03/17,,1046.1,3.4,79.6,51.8,2.7,,5.9,20.9,0,0.2,,,,0,0.2,0.4
"Apr 01, 2017",01/04/17,,1059.6,3.6,74.4,51,2.8,,6.8,21,0,0.2,,,,0,0.2,0.4
"Apr 02, 2017",02/04/17,,1084.8,3.8,66.9,49.8,2.7,,7.1,20.7,0,0.2,,,,0,0.2,0.4
"Apr 03, 2017",03/04/17,,1108.8,4.1,62.5,47.9,2.7,,7.6,20.7,0,0.2,,,,0,0.3,0.4
"Apr 04, 2017",04/04/17,,1126.4,4.4,62.6,45.9,2.6,,8,20.6,0,0.2,,,,0,0.3,0.4
"Apr 05, 2017",05/04/17,,1133.9,4.7,68.4,44.8,2.7,,9.1,20.4,0,0.2,,,,0,0.4,0.4
"Apr 06, 2017",06/04/17,,1146.9,4.9,70,44.4,2.7,,9.9,20.1,0,0.2,,,,0,0.4,0.4
"Apr 07, 2017",07/04/17,,1161.5,5.1,69,43.6,2.7,,10.2,19.4,0,0.2,,,,0,0.4,0.4
"Apr 08, 2017",08/04/17,,1178.5,5.5,66.8,43.2,2.7,,9.8,19.8,0,0.2,,,,0,0.4,0.4
"Apr 09, 2017",09/04/17,,1180.2,5.7,66.2,43.2,2.7,,9.3,20.3,0,0.2,,,,0,0.4,0.4
"Apr 10, 2017",10/04/17,,1183.6,5.9,64.6,43.7,2.7,,9.2,21.1,0,0.2,,,,0,0.4,0.4
"Apr 11, 2017",11/04/17,,1193.3,6.8,62.2,43.4,2.6,,8.8,21.3,0,0.2,,,,0,0.4,0.4
"Apr 12, 2017",12/04/17,,1197.5,8.4,63.3,44.4,2.6,,9.5,21.7,0,0.2,,,,0,0.4,0.4
"Apr 13, 2017",13/04/17,,1191.6,10.3,67,46.6,2.6,,9.9,21.5,0,0.2,,,,0,0.5,0.4
"Apr 14, 2017",14/04/17,,1179.1,10.7,70.4,48,2.6,,10.4,21.3,0,0.2,,,,0,0.5,0.4
"Apr 15, 2017",15/04/17,,1169.8,10.8,72.8,49,2.6,,10.4,20.9,0,0.2,,,,0,0.6,0.4
"Apr 16, 2017",16/04/17,,1174.3,10.1,73.7,48.5,2.7,,10.6,20.6,0,0.2,,,,0,0.7,0.4
"Apr 17, 2017",17/04/17,,1183.1,9.7,75.3,48.7,2.6,,10.6,20.6,0,0.2,,,,0,0.7,0.4
"Apr 18, 2017",18/04/17,,1196.2,9.4,74.6,49.2,2.7,,10.5,20.7,0,0.2,,,,0,0.7,0.4
"Apr 19, 2017",19/04/17,,1205.3,9.6,73.6,49.1,2.9,,10.1,20.7,0,0.2,,,,0,0.7,0.4
"Apr 20, 2017",20/04/17,,1217,10,72.2,49.6,3.1,,10.1,20.6,0,0.2,,,,0,0.7,0.4
"Apr 21, 2017",21/04/17,,1220.5,10,71.5,48.7,3.2,,10.4,20.3,0,0.2,,,,0,0.7,0.5
"Apr 22, 2017",22/04/17,,1227.6,10,71.2,48.8,3.2,,11.5,20.2,0,0.2,,,,0,0.7,0.5
"Apr 23, 2017",23/04/17,,1220.3,9.9,70.3,48.4,3.3,,12.7,20,0,0.2,,,,0,0.6,0.5
"Apr 24, 2017",24/04/17,,1229.7,9.9,70.8,49,3.6,,14,19.8,0,0.2,,,,0,0.6,0.5
"Apr 25, 2017",25/04/17,,1240.9,9.6,71.1,49.5,3.9,,14.7,19.6,0,0.2,,,,0,0.6,0.6
"Apr 26, 2017",26/04/17,,1265.6,9,71.9,50.9,4.2,,15,19.5,0,0.2,,,,0,0.6,0.6
"Apr 27, 2017",27/04/17,,1288.1,8.6,73.9,54.9,4.5,,14.9,20.1,0,0.2,,,,0,0.6,0.6
"Apr 28, 2017",28/04/17,,1305.1,8.5,76.4,61.7,4.8,,14.6,21,0,0.2,,,,0,0.6,0.6
"Apr 29, 2017",29/04/17,,1318.7,8.9,84.2,66.9,5.1,,14.9,22.1,0,0.2,,,,0,0.7,0.6
"Apr 30, 2017",30/04/17,,1328.7,9,88.7,72.5,5.6,,15.3,22.9,0,0.3,,,,0,0.7,0.6
"May 01, 2017",01/05/17,,1363.8,8.7,91.5,74.6,6.3,,15.8,23.1,0.1,0.3,,,,0.1,0.7,0.6
"May 02, 2017",02/05/17,,1407.4,8.3,88.6,77.5,6.7,,15.8,23.2,0.1,0.3,,,,0.1,0.8,0.6
"May 03, 2017",03/05/17,,1454.8,7.9,88.1,77.8,6.7,,17.6,23.7,0.1,0.3,,,,0.1,0.9,0.6
"May 04, 2017",04/05/17,,1493.5,7.5,89.7,84.7,7,,20.1,24.7,0.1,0.4,,,,0.1,1,0.7
"May 05, 2017",05/05/17,,1527.7,6.8,94,90.4,7.3,,23.6,26.5,0.1,0.5,,,,0.1,1.1,0.7
"May 06, 2017",06/05/17,,1557.3,7,97.2,96.4,7.5,,25.9,27.8,0.1,0.6,,,,0.1,1.2,0.7
"May 07, 2017",07/05/17,,1577,7.3,101.7,95.4,7.3,,28.2,30.1,0.1,0.6,,,,0.1,1.2,0.8
"May 08, 2017",08/05/17,,1633,8.1,102.4,94.4,7,,29.1,30.7,0.1,0.5,,,,0.1,1.2,0.8
"May 09, 2017",09/05/17,,1691.8,8,100.2,92.2,6.7,,30.9,30.6,0.1,0.5,,,,0.2,1.2,0.8
"May 10, 2017",10/05/17,,1755.3,7.9,95.3,90.7,6.6,,31.5,29.7,0.1,0.5,,,,0.2,1.2,1
"May 11, 2017",11/05/17,,1797,7.8,92.1,90.2,6.5,,32.1,29.3,0.1,0.5,,,,0.2,1.2,1.1
"May 12, 2017",12/05/17,,1786.6,7.6,90,89.4,6.5,,30,29.3,0.1,0.5,,,,0.2,1.3,1.2
"May 13, 2017",13/05/17,,1792.6,7.9,89.2,89.8,6.3,,29,28.9,0.1,0.5,,,,0.2,1.3,1.2
"May 14, 2017",14/05/17,,1779.4,8.2,88.7,90.1,6.4,,28.4,28.6,0.1,0.5,,,,0.2,1.3,1.2
"May 15, 2017",15/05/17,,1784.1,8.8,90.2,91.3,6.5,,27.7,28.3,0.1,0.5,,,,0.2,1.2,1.3
"May 16, 2017",16/05/17,,1760.6,9.2,89,90.9,6.5,,25.9,27.5,0.1,0.5,,,,0.3,1.2,1.3
"May 17, 2017",17/05/17,,1770.7,9.7,86.8,90.6,6.2,,24.7,27,0.1,0.5,,,,0.3,1.2,1.3
"May 18, 2017",18/05/17,,1820.7,10.2,86.2,92.1,6.3,,25.7,27.8,0.1,0.5,,,,0.4,1.3,1.3
"May 19, 2017",19/05/17,,1905.2,10.7,90.7,105.4,6.9,,27.2,29.7,0.2,0.6,,,,0.4,1.4,1.4
"May 20, 2017",20/05/17,,1987,11.4,96.5,117.7,7.4,,27.9,32.4,0.2,0.6,,,,0.3,1.7,1.5
"May 21, 2017",21/05/17,,2037.9,12,100.6,138,8.3,,27.2,33.9,0.2,0.7,,,,0.3,1.9,1.7
"May 22, 2017",22/05/17,,2099.8,12.4,107.8,152.9,8.9,,26.4,35.3,0.2,0.7,,,,0.3,2,1.8
"May 23, 2017",23/05/17,,2178.3,12.7,120.3,171.4,10.4,,27.9,42.1,0.3,0.8,,,,0.3,2.3,2.1
"May 24, 2017",24/05/17,,2312.5,13,134.5,182.1,13.6,,30.6,45.7,0.3,1.1,,,0,0.3,2.6,2.4
"May 25, 2017",25/05/17,,2356.3,14.2,134.1,182.2,15.7,,32.2,47,0.2,1.2,,,0,0.3,2.9,2.6
"May 26, 2017",26/05/17,,2317,14.8,125.7,175,16.5,,29.4,41.4,0.2,1.2,,,5,0.3,2.9,2.5
"May 27, 2017",27/05/17,,2182.1,15.2,110.6,164.2,15.6,,25.8,37.4,0.2,1,,,4.4,0.2,2.8,2.4
"May 28, 2017",28/05/17,,2132.4,15.3,106.8,162.9,15.6,,23.9,36.3,0.2,0.9,,,4.4,0.2,2.9,2.4
"May 29, 2017",29/05/17,,2150.1,15.9,108.2,174.4,16.5,,24.4,37.2,0.2,1,,,4.6,0.2,3.2,2.5
"May 30, 2017",30/05/17,,2195.6,16.7,115.5,199.1,17.3,,24.5,39.3,0.2,1,,,4.6,0.2,4.2,2.5
"May 31, 2017",31/05/17,,2239.2,17.7,124.8,219.2,17.8,,24.9,40.9,0.2,1,,,4.7,0.2,4.9,2.7
"Jun 01, 2017",01/06/17,,2289.9,19.3,131.1,228.3,17.7,,26.1,41.8,0.2,1.1,,,5.8,0.3,5.7,2.9
"Jun 02, 2017",02/06/17,,2394.3,21.8,139.1,225.6,17.3,,27.7,43.2,0.2,1.2,,,8.7,0.3,6.6,3.6
"Jun 03, 2017",03/06/17,,2470.6,24,141.9,223.5,16.8,,28.5,43.4,0.2,1.3,,,11.3,0.3,8,4.4
"Jun 04, 2017",04/06/17,,2505.2,25.1,144.3,231.2,17,,28.2,43.1,0.2,1.3,,,12.7,0.3,9.5,5
"Jun 05, 2017",05/06/17,,2571.3,27.8,144.2,239.4,17,,28.8,44.5,0.2,1.3,,,12,0.3,10.1,5.4
"Jun 06, 2017",06/06/17,,2687.3,31.9,144.5,252.8,17.4,,29.8,48.9,0.2,1.3,,,11.6,0.3,10.5,5.5
"Jun 07, 2017",07/06/17,,2760.7,35.4,143.5,257,17.4,,29.9,52.1,0.2,1.3,,,11.2,0.3,10.1,5.5
"Jun 08, 2017",08/06/17,,2800.3,38.4,143.5,261.4,17.5,,29.7,54.8,0.2,1.3,,,11.6,0.3,9.8,5.5
"Jun 09, 2017",09/06/17,,2787.2,42.4,144.8,267.2,17.5,,29.4,54.8,0.2,1.4,,,11.7,0.3,9.1,5.8
"Jun 10, 2017",10/06/17,,2859,48.5,148.7,293.7,18.2,,30.1,54.7,0.2,1.5,,,11.8,0.3,8.4,6
"Jun 11, 2017",11/06/17,,2909.9,52.3,163.1,320,19.6,,31.1,55.5,0.2,1.6,,,11.6,0.3,8.1,6.2
"Jun 12, 2017",12/06/17,,2855.2,50.9,170.3,359.9,20.5,,31.1,53.7,0.2,1.6,,,11.4,0.3,7.8,5.8
"Jun 13, 2017",13/06/17,,2778.3,49.8,181,379.9,20.9,0,31.1,53.5,0.2,1.7,,,11.7,0.3,8.5,5.8
"Jun 14, 2017",14/06/17,,2627.7,48.1,172.7,386,20,0,30.1,49.4,0.2,1.7,,,11.7,0.3,8.3,5.4
"Jun 15, 2017",15/06/17,,2562.7,49.3,170.2,372.8,19.3,0.5,30.4,48,0.2,1.8,,,11.8,0.3,8.5,5.4
"Jun 16, 2017",16/06/17,,2496.5,49.3,164.3,363.7,18.5,0.4,32,46.8,0.2,2.1,,,11.4,0.3,8,5.2
"Jun 17, 2017",17/06/17,,2546.3,50.4,169.2,370.5,20,0.4,37.9,48.2,0.2,2.8,,,11.2,0.3,7.9,5.2
"Jun 18, 2017",18/06/17,,2574.2,51,179.3,373.7,21.2,0.4,43.1,49.4,0.2,3.9,,,11,0.3,7.8,5.1
"Jun 19, 2017",19/06/17,,2597.9,51.1,191,373.6,22.8,0.4,48,49.7,0.2,6.9,,,10.8,0.3,7.6,5.1
"Jun 20, 2017",20/06/17,,2619.9,51.6,194.2,366.8,22.2,0.4,47.9,48.9,0.2,8.3,,,10.9,0.3,7.4,5.1
"Jun 21, 2017",21/06/17,,2666.8,51.7,189.3,355.3,21.8,0.4,48.4,47.9,0.2,10,,,11.3,0.3,7.2,5
"Jun 22, 2017",22/06/17,,2705.4,52,181.3,344.1,21.1,0.4,47.6,47.3,0.2,8.4,,,11.8,0.3,7,5
"Jun 23, 2017",23/06/17,,2713.1,53.1,181.7,338.3,20.9,0.4,47.6,48.4,0.2,8,0,,13.6,0.3,7.5,5
"Jun 24, 2017",24/06/17,,2686.3,53.6,183,333.9,20.8,0.5,46.5,48.9,0.2,6.7,0,,15.1,0.3,7.7,5
"Jun 25, 2017",25/06/17,,2647.7,53.2,181.6,322.9,21,0.5,45.2,48.4,0.2,6.4,78,,16.1,0.3,7.7,4.9
"Jun 26, 2017",26/06/17,,2558.9,50.8,172.8,299.9,20.4,0.5,43.2,45.8,0.2,5.9,82.8,,14.6,0.3,7,4.4
"Jun 27, 2017",27/06/17,,2540.1,50,170.6,289.7,20,0.4,41.9,44.3,0.2,6.1,66.5,,14,0.3,6.7,4.2
"Jun 28, 2017",28/06/17,,2535.2,50.3,174.3,297.9,19.5,0.4,41.5,44.8,0.2,6.9,55.3,,13.6,0.3,6.7,4.1
"Jun 29, 2017",29/06/17,,2555.5,51.5,179.1,308,19.1,0.4,41.5,45.3,0.2,8.3,49.7,,13.6,0.3,6.7,4.1
"Jun 30, 2017",30/06/17,,2531.7,51.8,181,308.6,19.1,0.4,41.4,45.4,0.2,9,43.4,,12.8,0.3,6.6,3.9
"Jul 01, 2017",01/07/17,,2484.9,51.1,174.9,290.8,18.5,0.4,40.1,43.2,0.2,8.8,40.8,,11.6,0.3,6.1,3.7
"Jul 02, 2017",02/07/17,,2474,51.2,173.7,285.8,18.2,0.4,40.3,42.5,0.2,8.3,40.8,,10.6,0.3,5.9,3.6
"Jul 03, 2017",03/07/17,,2501.7,51.8,173.3,281.8,17.9,0.4,42.3,42.5,0.2,8.1,43.3,,9.7,0.3,5.8,3.7
"Jul 04, 2017",04/07/17,,2557.4,53.6,179.1,281.4,17.9,0.4,47.8,44,0.2,8,41.3,,9.3,0.3,6,3.9
"Jul 05, 2017",05/07/17,,2589.2,55.3,191.1,275,17.9,0.4,51.6,44.9,0.2,8,40,,8.9,0.3,6.1,4.2
"Jul 06, 2017",06/07/17,,2604.1,57.2,201.9,270.9,17.9,0.4,53.2,47.1,0.2,7.9,38.1,,8.8,0.3,6.2,4.4
"Jul 07, 2017",07/07/17,,2576.4,57.6,206.4,261.8,17.5,0.3,50.3,46.7,0.2,7.5,34.7,,8,0.3,5.7,4.2
"Jul 08, 2017",08/07/17,,2566.2,58.6,206.3,256.1,17.2,0.3,49.9,46.8,0.2,7.4,30.9,,7.5,0.2,5.4,4
"Jul 09, 2017",09/07/17,,2536.1,58.6,200.4,246.6,16.7,0.3,49.4,45.1,0.2,7,28.4,,6.7,0.2,4.7,3.8
"Jul 10, 2017",10/07/17,,2487.4,57.7,193.1,236.4,16.2,0.3,49.4,43.7,0.1,6.8,26.6,,6.2,0.2,4.1,3.5
"Jul 11, 2017",11/07/17,,2409.6,56,178.6,218.3,15.5,0.2,47.2,40.7,0.1,6.1,24.4,,5.5,0.2,3.4,3.1
"Jul 12, 2017",12/07/17,,2369.7,55.8,173.3,214.5,16.7,0.2,46.9,39.2,0.1,6,25.2,,5.3,0.2,3.5,2.8
"Jul 13, 2017",13/07/17,,2364.8,57,172.3,212.6,17.7,0.2,46.8,38.6,0.1,6.1,26.1,,5.2,0.2,3.7,2.8
"Jul 14, 2017",14/07/17,,2330,57.1,170.7,213.4,18.6,0.2,46,38,0.1,6.2,26.9,0,5.1,0.2,3.8,2.8
"Jul 15, 2017",15/07/17,,2196.7,52.6,157.5,193.4,16.9,0.2,42.7,35.3,0.1,5.6,23,0,4.5,0.2,3.4,2.5
"Jul 16, 2017",16/07/17,,2054,49.4,144.6,175.9,15.5,0.2,40.9,32.3,0.1,5.2,19.9,0.5,4.1,0.2,3.1,2.1
"Jul 17, 2017",17/07/17,,2052.4,49.4,142.2,173.8,14.8,0.2,40.8,32.1,0.1,5.3,19.7,0.5,4.1,0.2,3.3,2.2
"Jul 18, 2017",18/07/17,,2159,53.9,148.2,195.1,15.4,0.2,42.6,33.5,0.1,5.6,21.8,0.6,4.5,0.2,3.6,2.4
"Jul 19, 2017",19/07/17,,2273.6,56.8,155.9,209.2,15.6,0.3,42.6,35.4,0.1,5.9,25.4,0.6,5.1,0.2,4,2.7
"Jul 20, 2017",20/07/17,,2470,61.6,167.4,220.5,15.8,0.3,43.4,37.2,0.1,6.4,29.7,0.7,6.1,0.2,4.5,2.9
"Jul 21, 2017",21/07/17,,2586.3,64.5,176.7,215.1,15.7,0.3,43.9,38.6,0.1,6.8,32.6,0.7,7,0.2,5.2,3
"Jul 22, 2017",22/07/17,,2765.2,68.1,189.9,225,16.2,0.3,45.8,41.8,0.2,7.8,35.4,0.8,7.6,0.2,6.1,3.5